mtllib Silver-Wireframe-Globe-Retopo.mtl
o Mesh
g Mesh
v -0.085243 0.007744 -0.991926
v -0.085243 0.007744 -0.991926
v 0.085243 0.007744 -0.991926
v 0.085243 0.007744 -0.991926
v -0.085243 -0.082666 -0.989343
v 0.085243 -0.082666 -0.989343
v -0.085243 0.095572 -0.989343
v 0.085243 0.095572 -0.989343
v -0.085243 -0.170492 -0.97901
v 0.085243 -0.170492 -0.97901
v -0.085243 0.180815 -0.97901
v 0.085243 0.180815 -0.97901
v -0.247981 0.007744 -0.963512
v -0.247981 0.007744 -0.963512
v 0.247981 0.007744 -0.963512
v 0.247981 0.007744 -0.963512
v -0.247981 -0.082666 -0.960927
v 0.247981 -0.082666 -0.960927
v -0.247981 0.095572 -0.960927
v 0.247981 0.095572 -0.960927
v -0.08266 -0.258319 -0.958344
v 0.08266 -0.258319 -0.958344
v -0.08266 0.263475 -0.958344
v 0.08266 0.263475 -0.958344
v -0.245398 -0.170492 -0.950595
v 0.245398 -0.170492 -0.950595
v -0.245398 0.180815 -0.950595
v 0.245398 0.180815 -0.950595
v -0.080077 -0.340979 -0.932513
v 0.080077 -0.340979 -0.932513
v -0.240232 -0.258319 -0.932513
v 0.240232 -0.258319 -0.932513
v -0.240232 0.263475 -0.932513
v 0.240232 0.263475 -0.932513
v -0.080077 0.346136 -0.932513
v 0.080077 0.346136 -0.932513
v -0.410719 0.007744 -0.909265
v -0.410719 0.007744 -0.909265
v 0.410719 0.007744 -0.909265
v 0.410719 0.007744 -0.909265
v -0.235065 -0.340979 -0.906682
v 0.235065 -0.340979 -0.906682
v -0.408136 -0.082666 -0.906682
v 0.408136 -0.082666 -0.906682
v -0.408136 0.095572 -0.906682
v 0.408136 0.095572 -0.906682
v -0.235065 0.346136 -0.906682
v 0.235065 0.346136 -0.906682
v -0.074911 -0.421057 -0.898933
v 0.074911 -0.421057 -0.898933
v -0.074911 0.423629 -0.898933
v 0.074911 0.423629 -0.898933
v -0.405553 -0.170492 -0.896349
v 0.405553 -0.170492 -0.896349
v -0.405553 0.180815 -0.896349
v 0.405553 0.180815 -0.896349
v -0.39522 -0.258319 -0.878267
v 0.39522 -0.258319 -0.878267
v -0.39522 0.263475 -0.878267
v 0.39522 0.263475 -0.878267
v -0.224733 -0.421057 -0.875684
v 0.224733 -0.421057 -0.875684
v -0.224733 0.423629 -0.875684
v 0.224733 0.423629 -0.875684
v -0.072329 -0.498551 -0.860186
v 0.072329 -0.498551 -0.860186
v -0.072329 0.495958 -0.860186
v 0.072329 0.495958 -0.860186
v -0.384888 -0.340979 -0.855019
v 0.384888 -0.340979 -0.855019
v -0.384888 0.346136 -0.855019
v 0.384888 0.346136 -0.855019
v -0.216983 -0.498551 -0.836937
v 0.216983 -0.498551 -0.836937
v -0.216983 0.495958 -0.836937
v 0.216983 0.495958 -0.836937
v -0.371972 -0.421057 -0.824022
v 0.371972 -0.421057 -0.824022
v -0.371972 0.423629 -0.824022
v 0.371972 0.423629 -0.824022
v -0.563124 0.007744 -0.821439
v -0.563124 0.007744 -0.821439
v 0.563124 0.007744 -0.821439
v 0.563124 0.007744 -0.821439
v -0.563124 -0.082666 -0.818856
v 0.563124 -0.082666 -0.818856
v -0.563124 0.095571 -0.818856
v 0.563124 0.095571 -0.818856
v -0.067161 -0.57088 -0.813689
v 0.067161 -0.57088 -0.813689
v -0.067161 0.568286 -0.813689
v 0.067161 0.568286 -0.813689
v -0.556134 -0.170738 -0.812017
v 0.555828 0.180971 -0.811648
v 0.555375 -0.170492 -0.811106
v -0.555375 0.180815 -0.811106
v -0.545713 0.263707 -0.796414
v 0.545555 -0.258485 -0.796225
v -0.545042 -0.258319 -0.795606
v 0.545042 0.263475 -0.795606
v -0.204068 -0.57088 -0.793023
v 0.204068 -0.57088 -0.793023
v -0.204068 0.568286 -0.793023
v 0.204068 0.568286 -0.793023
v -0.35389 -0.498551 -0.787857
v 0.35389 -0.498551 -0.787857
v -0.35389 0.495958 -0.787857
v 0.35389 0.495958 -0.787857
v -0.53029 -0.341517 -0.773281
v 0.53026 0.34667 -0.773244
v 0.529544 -0.340979 -0.772358
v -0.529544 0.346136 -0.772358
v -0.064578 -0.638041 -0.764609
v 0.064578 -0.638041 -0.764609
v -0.064578 0.635447 -0.764609
v 0.064578 0.635447 -0.764609
v 0.509585 0.42426 -0.747399
v -0.509564 -0.421624 -0.747371
v -0.509407 0.424015 -0.747157
v 0.509349 -0.421371 -0.747103
v -0.335808 -0.57088 -0.746527
v 0.335808 -0.57088 -0.746527
v -0.335808 0.568286 -0.746527
v 0.335808 0.568286 -0.746527
v -0.191152 -0.638041 -0.743944
v -0.191152 -0.638041 -0.743944
v 0.191152 -0.638041 -0.743944
v -0.191152 0.635447 -0.743944
v 0.191152 0.635447 -0.743944
v -0.488879 0.496538 -0.713747
v -0.488854 -0.499119 -0.713699
v 0.488846 -0.499055 -0.713688
v 0.488764 0.496471 -0.713593
v -0.059412 -0.697453 -0.710363
v -0.059412 -0.697453 -0.710363
v 0.059412 -0.697453 -0.710363
v 0.059412 -0.697453 -0.710363
v -0.059412 0.69486 -0.710363
v -0.059412 0.69486 -0.710363
v 0.059412 0.69486 -0.710363
v 0.059412 0.69486 -0.710363
v -0.705197 0.007744 -0.705197
v -0.705197 0.007744 -0.705197
v -0.705197 0.007744 -0.705197
v -0.705197 0.007744 -0.705197
v 0.705197 0.007744 -0.705197
v 0.705197 0.007744 -0.705197
v 0.705197 0.007744 -0.705197
v 0.705197 0.007744 -0.705197
v -0.702614 -0.082666 -0.702614
v -0.702614 -0.082666 -0.702614
v 0.702614 -0.082666 -0.702614
v 0.702614 -0.082666 -0.702614
v -0.702614 0.095571 -0.702614
v -0.702614 0.095571 -0.702614
v 0.702614 0.095571 -0.702614
v 0.702614 0.095571 -0.702614
v -0.315143 -0.638041 -0.700031
v -0.315143 -0.638041 -0.700031
v 0.315143 -0.638041 -0.700031
v 0.315143 -0.638041 -0.700031
v -0.315143 0.635447 -0.700031
v -0.315143 0.635447 -0.700031
v 0.315143 0.635447 -0.700031
v 0.315143 0.635447 -0.700031
v -0.696324 0.181271 -0.69633
v -0.696324 0.181271 -0.69633
v 0.696346 -0.170919 -0.696289
v 0.696346 -0.170919 -0.696289
v -0.696145 -0.170878 -0.696209
v -0.696145 -0.170878 -0.696209
v 0.69623 0.181231 -0.696165
v 0.69623 0.181231 -0.696165
v -0.178237 -0.697453 -0.689698
v -0.178237 -0.697453 -0.689698
v 0.178237 -0.697453 -0.689698
v 0.178237 -0.697453 -0.689698
v -0.178237 0.69486 -0.689698
v -0.178237 0.69486 -0.689698
v 0.178237 0.69486 -0.689698
v 0.178237 0.69486 -0.689698
v -0.683408 0.263932 -0.683414
v -0.683408 0.263932 -0.683414
v 0.68343 -0.258746 -0.683373
v 0.68343 -0.258746 -0.683373
v -0.683229 -0.258705 -0.683293
v -0.683229 -0.258705 -0.683293
v 0.683314 0.263892 -0.683249
v 0.683314 0.263892 -0.683249
v 0.46294 -0.571442 -0.674878
v -0.462805 0.568688 -0.674716
v -0.46279 -0.571366 -0.674696
v -0.46279 -0.571366 -0.674696
v 0.462757 0.568746 -0.674672
v 0.462757 0.568746 -0.674672
v -0.665491 -0.342038 -0.665528
v -0.665491 -0.342038 -0.665528
v 0.665494 0.347228 -0.665519
v 0.665494 0.347228 -0.665519
v -0.665233 0.347027 -0.665172
v -0.665233 0.347027 -0.665172
v 0.665209 -0.341769 -0.665147
v 0.665209 -0.341769 -0.665147
v -0.054246 -0.751698 -0.650952
v 0.054246 -0.751698 -0.650952
v -0.054246 0.751688 -0.650952
v 0.054246 0.751688 -0.650952
v -0.291895 -0.697453 -0.648368
v -0.291895 -0.697453 -0.648368
v 0.291895 -0.697453 -0.648368
v -0.291895 0.69486 -0.648368
v 0.291895 0.69486 -0.648368
v 0.291895 0.69486 -0.648368
v 0.640853 0.425707 -0.64096
v 0.640853 0.425707 -0.64096
v -0.640809 -0.422999 -0.640924
v -0.640809 -0.422999 -0.640924
v 0.640789 -0.422876 -0.640713
v 0.640789 -0.422876 -0.640713
v -0.640721 0.425571 -0.640677
v -0.640721 0.425571 -0.640677
v 0.434551 -0.638764 -0.633569
v 0.434551 -0.638764 -0.633569
v -0.434473 -0.638776 -0.633498
v -0.434473 -0.638776 -0.633498
v -0.434393 0.635975 -0.633382
v -0.434393 0.635975 -0.633382
v 0.434348 0.635994 -0.633326
v 0.434348 0.635994 -0.633326
v -0.162738 -0.751698 -0.63287
v 0.162738 -0.751698 -0.63287
v -0.162738 0.751688 -0.63287
v 0.162738 0.751688 -0.63287
v 0.612116 -0.500579 -0.612129
v 0.612116 -0.500579 -0.612129
v -0.612053 -0.500473 -0.612115
v -0.612053 -0.500473 -0.612115
v -0.61205 0.497955 -0.612056
v -0.61205 0.497955 -0.612056
v 0.611976 0.497935 -0.612045
v 0.611976 0.497935 -0.612045
v -0.268647 -0.751698 -0.596705
v 0.268647 -0.751698 -0.596705
v -0.268647 0.751688 -0.596705
v 0.268647 0.751688 -0.596705
v -0.049079 -0.800779 -0.588955
v 0.049079 -0.800779 -0.588955
v -0.049079 0.800768 -0.588955
v 0.049079 0.800768 -0.588955
v -0.403415 -0.69812 -0.586913
v -0.403337 0.695397 -0.586836
v 0.403313 0.695382 -0.586803
v 0.403284 -0.697919 -0.586768
v -0.58097 -0.573053 -0.580931
v -0.58097 -0.573053 -0.580931
v -0.58097 -0.573053 -0.580931
v -0.58097 -0.573053 -0.580931
v 0.580749 -0.573063 -0.580799
v 0.580749 -0.573063 -0.580799
v 0.580749 -0.573063 -0.580799
v 0.580749 -0.573063 -0.580799
v 0.580574 0.570142 -0.580579
v 0.580574 0.570142 -0.580579
v 0.580574 0.570142 -0.580579
v -0.580583 0.570189 -0.580571
v -0.580583 0.570189 -0.580571
v -0.580583 0.570189 -0.580571
v -0.147239 -0.800779 -0.573457
v 0.147239 -0.800779 -0.573457
v -0.147239 0.800768 -0.573457
v 0.147239 0.800768 -0.573457
v -0.818856 -0.082666 -0.563124
v 0.818856 -0.082666 -0.563124
v -0.821439 0.007744 -0.563124
v -0.821439 0.007744 -0.563124
v 0.821439 0.007744 -0.563124
v 0.821439 0.007744 -0.563124
v -0.818856 0.095571 -0.563124
v 0.818856 0.095571 -0.563124
v 0.812072 -0.170753 -0.556182
v -0.811894 0.181041 -0.556033
v -0.811106 -0.170492 -0.555375
v 0.811106 0.180815 -0.555375
v 0.796519 0.263736 -0.5458
v -0.796127 -0.258459 -0.545474
v 0.795606 -0.258319 -0.545042
v -0.795606 0.263475 -0.545042
v -0.544693 -0.640681 -0.544652
v -0.544693 -0.640681 -0.544652
v 0.544213 -0.640165 -0.544239
v 0.544213 -0.640165 -0.544239
v -0.544079 0.637414 -0.544099
v -0.544079 0.637414 -0.544099
v -0.544079 0.637414 -0.544099
v 0.544083 0.6374 -0.544095
v 0.544083 0.6374 -0.544095
v 0.544083 0.6374 -0.544095
v -0.369882 -0.752702 -0.540506
v -0.369771 0.752282 -0.540364
v 0.369754 0.75243 -0.540342
v 0.369748 -0.752282 -0.540334
v -0.242815 -0.800779 -0.539876
v 0.242815 -0.800779 -0.539876
v -0.242815 0.800768 -0.539876
v 0.242815 0.800768 -0.539876
v 0.773231 -0.341454 -0.530249
v -0.773197 0.346641 -0.530221
v -0.772358 -0.340979 -0.529544
v 0.772358 0.346136 -0.529544
v -0.043913 -0.847275 -0.521794
v 0.043913 -0.847275 -0.521794
v -0.043913 0.844682 -0.521794
v 0.043913 0.844682 -0.521794
v 0.747438 0.424188 -0.509645
v -0.747405 -0.421578 -0.509617
v 0.747306 -0.421582 -0.509534
v -0.747181 0.424098 -0.509412
v -0.13174 -0.847275 -0.508879
v 0.13174 -0.847275 -0.508879
v -0.13174 0.844682 -0.508879
v 0.13174 0.844682 -0.508879
v -0.50596 -0.700378 -0.505878
v -0.50596 -0.700378 -0.505878
v -0.505435 0.697172 -0.505459
v -0.505435 0.697172 -0.505459
v 0.505365 0.697029 -0.505329
v 0.505365 0.697029 -0.505329
v 0.505221 -0.699544 -0.505245
v 0.505221 -0.699544 -0.505245
v -0.336293 0.801784 -0.488865
v -0.336238 -0.801852 -0.488798
v -0.713632 0.496502 -0.488798
v 0.713472 -0.498988 -0.488646
v 0.336113 -0.801416 -0.488627
v 0.71343 0.496311 -0.488615
v -0.713411 -0.498867 -0.488597
v 0.336054 0.801383 -0.488547
v -0.219567 -0.847275 -0.480464
v 0.219567 -0.847275 -0.480464
v -0.219567 0.844682 -0.480464
v 0.219567 0.844682 -0.480464
v -0.466934 -0.754755 -0.466922
v -0.466934 -0.754755 -0.466922
v -0.466766 0.754575 -0.466843
v -0.466766 0.754575 -0.466843
v 0.466663 -0.754412 -0.466642
v 0.466663 -0.754412 -0.466642
v 0.466667 0.754346 -0.466627
v 0.466667 0.754346 -0.466627
v -0.674841 -0.571349 -0.462893
v 0.674812 0.568765 -0.462885
v 0.674658 -0.571343 -0.462747
v 0.674658 -0.571343 -0.462747
v -0.674625 0.568715 -0.46272
v -0.674625 0.568715 -0.46272
v -0.038747 -0.886022 -0.454633
v 0.038747 -0.886022 -0.454633
v -0.038747 0.886012 -0.454633
v 0.038747 0.886012 -0.454633
v -0.116242 -0.886022 -0.441716
v 0.116242 -0.886022 -0.441716
v -0.116242 0.886012 -0.441716
v 0.116242 0.886012 -0.441716
v -0.633526 -0.638689 -0.434515
v -0.633526 -0.638689 -0.434515
v 0.300003 -0.848081 -0.434454
v -0.29994 -0.848189 -0.434383
v -0.299933 0.845375 -0.434333
v 0.633281 0.635851 -0.434301
v 0.633281 0.635851 -0.434301
v -0.633274 0.635921 -0.434294
v -0.633274 0.635921 -0.434294
v 0.633269 -0.638513 -0.434288
v 0.633269 -0.638513 -0.434288
v 0.299878 0.845308 -0.434262
v -0.422835 -0.804372 -0.422948
v -0.422835 -0.804372 -0.422948
v 0.422777 -0.803932 -0.422764
v 0.422777 -0.803932 -0.422764
v -0.42264 0.803898 -0.422693
v -0.42264 0.803898 -0.422693
v 0.422498 0.803538 -0.422493
v 0.422498 0.803538 -0.422493
v -0.191152 -0.886022 -0.415885
v 0.191152 -0.886022 -0.415885
v -0.191152 0.886012 -0.415885
v 0.191152 0.886012 -0.415885
v -0.909265 0.007744 -0.410719
v -0.909265 0.007744 -0.410719
v 0.909265 0.007744 -0.410719
v 0.909265 0.007744 -0.410719
v -0.906682 -0.082666 -0.408136
v 0.906682 -0.082666 -0.408136
v -0.906682 0.095571 -0.408136
v 0.906682 0.095571 -0.408136
v -0.896349 -0.170492 -0.405553
v 0.896349 -0.170492 -0.405553
v -0.896349 0.180815 -0.405553
v 0.896349 0.180815 -0.405553
v -0.587036 -0.698223 -0.403492
v -0.586944 0.695569 -0.403439
v 0.58683 0.695402 -0.403346
v 0.58681 -0.698022 -0.403329
v -0.878267 -0.258319 -0.39522
v 0.878267 -0.258319 -0.39522
v -0.878267 0.263475 -0.39522
v 0.878267 0.263475 -0.39522
v -0.855019 -0.340979 -0.384888
v 0.855019 -0.340979 -0.384888
v -0.855019 0.346136 -0.384888
v 0.855019 0.346136 -0.384888
v -0.033581 -0.917019 -0.382304
v 0.033581 -0.917019 -0.382304
v -0.033581 0.917009 -0.382304
v 0.033581 0.917009 -0.382304
v 0.261226 -0.886952 -0.377601
v -0.261174 0.886788 -0.377514
v 0.261145 0.887009 -0.377489
v -0.261161 -0.886939 -0.377467
v -0.37626 -0.851283 -0.376298
v -0.37626 -0.851283 -0.376298
v 0.376067 -0.850559 -0.376157
v 0.376067 -0.850559 -0.376157
v -0.375977 0.84784 -0.375948
v -0.375977 0.84784 -0.375948
v 0.375845 0.847561 -0.375812
v 0.375845 0.847561 -0.375812
v -0.100743 -0.917019 -0.371972
v 0.100743 -0.917019 -0.371972
v -0.824022 -0.421057 -0.371972
v 0.824022 -0.421057 -0.371972
v -0.824022 0.423629 -0.371972
v 0.824022 0.423629 -0.371972
v -0.100743 0.917009 -0.371972
v 0.100743 0.917009 -0.371972
v -0.540512 -0.752451 -0.369864
v 0.540473 -0.752623 -0.369836
v 0.54035 0.752246 -0.369744
v -0.54024 0.752255 -0.36966
v -0.787857 -0.498551 -0.35389
v 0.787857 -0.498551 -0.35389
v -0.787857 0.495958 -0.35389
v 0.787857 0.495958 -0.35389
v -0.162738 -0.917019 -0.348724
v 0.162738 -0.917019 -0.348724
v -0.162738 0.917009 -0.348724
v 0.162738 0.917009 -0.348724
v 0.488736 0.801603 -0.336219
v 0.488677 -0.801566 -0.336173
v -0.488665 0.801621 -0.336162
v -0.488609 -0.801412 -0.33612
v -0.746527 -0.57088 -0.335808
v 0.746527 -0.57088 -0.335808
v -0.746527 0.568286 -0.335808
v 0.746527 0.568286 -0.335808
v 0.32687 -0.890059 -0.326925
v 0.32687 -0.890059 -0.326925
v -0.32685 -0.889778 -0.326802
v -0.32685 -0.889778 -0.326802
v 0.326795 0.889661 -0.326756
v 0.326795 0.889661 -0.326756
v -0.326653 0.889255 -0.326632
v -0.326653 0.889255 -0.326632
v 0.21988 -0.918183 -0.318112
v 0.2198 0.917884 -0.318013
v -0.219778 -0.917874 -0.317986
v -0.219766 0.91775 -0.317972
v -0.700031 -0.638041 -0.315143
v -0.700031 -0.638041 -0.315143
v 0.700031 -0.638041 -0.315143
v 0.700031 -0.638041 -0.315143
v -0.700031 0.635447 -0.315143
v -0.700031 0.635447 -0.315143
v 0.700031 0.635447 -0.315143
v 0.700031 0.635447 -0.315143
v -0.025831 -0.945435 -0.307394
v 0.025831 -0.945435 -0.307394
v -0.025831 0.945424 -0.307394
v 0.025831 0.945424 -0.307394
v -0.434434 -0.848159 -0.300014
v -0.434373 0.84552 -0.299941
v 0.434329 -0.848037 -0.299931
v 0.434282 0.84526 -0.299875
v -0.080077 -0.945435 -0.299644
v 0.080077 -0.945435 -0.299644
v -0.080077 0.945424 -0.299644
v 0.080077 0.945424 -0.299644
v -0.648368 -0.697453 -0.291895
v 0.648368 -0.697453 -0.291895
v 0.648368 -0.697453 -0.291895
v -0.648368 0.69486 -0.291895
v -0.648368 0.69486 -0.291895
v 0.648368 0.69486 -0.291895
v -0.13174 -0.945435 -0.281563
v 0.13174 -0.945435 -0.281563
v -0.13174 0.945424 -0.281563
v 0.13174 0.945424 -0.281563
v 0.275091 -0.921594 -0.275052
v 0.275091 -0.921594 -0.275052
v -0.274967 -0.920795 -0.274901
v -0.274967 -0.920795 -0.274901
v 0.274975 0.920777 -0.274901
v 0.274975 0.920777 -0.274901
v -0.274826 0.920633 -0.274802
v -0.274826 0.920633 -0.274802
v -0.596705 -0.751698 -0.268647
v 0.596705 -0.751698 -0.268647
v -0.596705 0.751688 -0.268647
v 0.596705 0.751688 -0.268647
v 0.377634 0.887071 -0.261294
v -0.377651 -0.88716 -0.261271
v 0.377531 -0.887202 -0.261212
v -0.377434 0.886901 -0.261134
v 0.178492 -0.946615 -0.256064
v -0.178477 0.946501 -0.256044
v 0.178417 0.946445 -0.255966
v -0.178323 -0.946112 -0.255889
v -0.960927 -0.082666 -0.247981
v 0.960927 -0.082666 -0.247981
v -0.963512 0.007744 -0.247981
v -0.963512 0.007744 -0.247981
v 0.963512 0.007744 -0.247981
v 0.963512 0.007744 -0.247981
v -0.960927 0.095571 -0.247981
v 0.960927 0.095571 -0.247981
v -0.950595 -0.170492 -0.245398
v 0.950595 -0.170492 -0.245398
v -0.950595 0.180815 -0.245398
v 0.950595 0.180815 -0.245398
v -0.539876 -0.800779 -0.242815
v 0.539876 -0.800779 -0.242815
v -0.539876 0.800768 -0.242815
v 0.539876 0.800768 -0.242815
v -0.932513 -0.258319 -0.240232
v 0.932513 -0.258319 -0.240232
v -0.932513 0.263475 -0.240232
v 0.932513 0.263475 -0.240232
v -0.906682 -0.340979 -0.235065
v 0.906682 -0.340979 -0.235065
v -0.906682 0.346136 -0.235065
v 0.906682 0.346136 -0.235065
v -0.020665 -0.9661 -0.232482
v 0.020665 -0.9661 -0.232482
v -0.020665 0.966089 -0.232482
v 0.020665 0.966089 -0.232482
v -0.061995 -0.9661 -0.224733
v 0.061995 -0.9661 -0.224733
v -0.875684 -0.421057 -0.224733
v 0.875684 -0.421057 -0.224733
v -0.875684 0.423629 -0.224733
v 0.875684 0.423629 -0.224733
v -0.061995 0.966089 -0.224733
v 0.061995 0.966089 -0.224733
v 0.223104 -0.949778 -0.223081
v 0.223104 -0.949778 -0.223081
v 0.223169 0.949278 -0.223038
v 0.223169 0.949278 -0.223038
v -0.223071 -0.949257 -0.223001
v -0.223071 -0.949257 -0.223001
v -0.223026 0.949254 -0.22296
v -0.223026 0.949254 -0.22296
v 0.318067 0.917974 -0.219805
v -0.318027 -0.917808 -0.219776
v 0.318043 -0.918071 -0.219772
v -0.318003 0.917925 -0.21976
v -0.480464 -0.847275 -0.219567
v 0.480464 -0.847275 -0.219567
v -0.480464 0.844682 -0.219567
v 0.480464 0.844682 -0.219567
v -0.836937 -0.498551 -0.216983
v 0.836937 -0.498551 -0.216983
v -0.836937 0.495958 -0.216983
v 0.836937 0.495958 -0.216983
v -0.100743 -0.9661 -0.211817
v 0.100743 -0.9661 -0.211817
v -0.100743 0.966089 -0.211817
v 0.100743 0.966089 -0.211817
v -0.793023 -0.57088 -0.204068
v 0.793023 -0.57088 -0.204068
v -0.793023 0.568286 -0.204068
v 0.793023 0.568286 -0.204068
v 0.137046 -0.967203 -0.191417
v 0.13707 0.967286 -0.191331
v -0.137002 0.966794 -0.191309
v -0.137033 -0.967019 -0.19129
v -0.415885 -0.886022 -0.191152
v 0.415885 -0.886022 -0.191152
v -0.743944 -0.638041 -0.191152
v 0.743944 -0.638041 -0.191152
v 0.743944 -0.638041 -0.191152
v -0.743944 0.635447 -0.191152
v 0.743944 0.635447 -0.191152
v -0.415885 0.886012 -0.191152
v 0.415885 0.886012 -0.191152
v -0.25611 -0.94665 -0.178527
v 0.256072 0.946355 -0.178449
v -0.255992 0.946556 -0.178381
v 0.255971 -0.946444 -0.178365
v -0.689698 -0.697453 -0.178237
v -0.689698 -0.697453 -0.178237
v 0.689698 -0.697453 -0.178237
v 0.689698 -0.697453 -0.178237
v -0.689698 0.69486 -0.178237
v -0.689698 0.69486 -0.178237
v 0.689698 0.69486 -0.178237
v 0.689698 0.69486 -0.178237
v 0.166031 -0.970671 -0.166173
v 0.166031 -0.970671 -0.166173
v 0.166097 0.970443 -0.166036
v 0.166097 0.970443 -0.166036
v -0.165943 -0.969855 -0.165904
v -0.165943 -0.969855 -0.165904
v -0.165944 0.969781 -0.165887
v -0.165944 0.969781 -0.165887
v -0.348724 -0.917019 -0.162738
v 0.348724 -0.917019 -0.162738
v -0.63287 -0.751698 -0.162738
v 0.63287 -0.751698 -0.162738
v -0.63287 0.751688 -0.162738
v 0.63287 0.751688 -0.162738
v -0.348724 0.917009 -0.162738
v 0.348724 0.917009 -0.162738
v -0.015499 -0.981599 -0.154989
v 0.015499 -0.981599 -0.154989
v -0.015499 0.981588 -0.154989
v 0.015499 0.981588 -0.154989
v -0.04133 -0.981599 -0.149822
v 0.04133 -0.981599 -0.149822
v -0.04133 0.981588 -0.149822
v 0.04133 0.981588 -0.149822
v -0.573457 -0.800779 -0.147239
v 0.573457 -0.800779 -0.147239
v -0.573457 0.800768 -0.147239
v 0.573457 0.800768 -0.147239
v -0.067161 -0.981599 -0.142073
v 0.067161 -0.981599 -0.142073
v -0.067161 0.981588 -0.142073
v 0.067161 0.981588 -0.142073
v 0.191353 -0.967302 -0.137091
v -0.191321 0.967221 -0.13706
v 0.191417 0.967116 -0.137059
v -0.191397 -0.967174 -0.13705
v -0.281563 -0.945435 -0.13174
v 0.281563 -0.945435 -0.13174
v -0.508879 -0.847275 -0.13174
v 0.508879 -0.847275 -0.13174
v -0.508879 0.844682 -0.13174
v 0.508879 0.844682 -0.13174
v -0.281563 0.945424 -0.13174
v 0.281563 0.945424 -0.13174
v 0.090536 -0.982856 -0.129432
v -0.090506 0.982311 -0.129266
v 0.090409 0.982403 -0.129262
v -0.090405 -0.982263 -0.129227
v -0.441716 -0.886022 -0.116242
v 0.441716 -0.886022 -0.116242
v -0.441716 0.886012 -0.116242
v 0.441716 0.886012 -0.116242
v 0.11152 -0.985882 -0.111664
v 0.11152 -0.985882 -0.111664
v 0.111549 0.985706 -0.111494
v 0.111549 0.985706 -0.111494
v -0.11141 -0.985133 -0.111465
v -0.11141 -0.985133 -0.111465
v -0.111494 0.985642 -0.111412
v -0.111494 0.985642 -0.111412
v -0.211817 -0.9661 -0.100743
v 0.211817 -0.9661 -0.100743
v -0.371972 -0.917019 -0.100743
v 0.371972 -0.917019 -0.100743
v -0.371972 0.917009 -0.100743
v 0.371972 0.917009 -0.100743
v -0.211817 0.966089 -0.100743
v 0.211817 0.966089 -0.100743
v 0.129326 0.982697 -0.090557
v -0.129322 -0.982685 -0.090554
v 0.129208 -0.982312 -0.090455
v -0.129255 0.982539 -0.090409
v -0.97901 -0.170492 -0.085243
v 0.97901 -0.170492 -0.085243
v -0.989343 -0.082666 -0.085243
v 0.989343 -0.082666 -0.085243
v -0.991926 0.007744 -0.085243
v -0.991926 0.007744 -0.085243
v 0.991926 0.007744 -0.085243
v 0.991926 0.007744 -0.085243
v -0.989343 0.095571 -0.085243
v 0.989343 0.095571 -0.085243
v -0.97901 0.180815 -0.085243
v 0.97901 0.180815 -0.085243
v -0.958344 -0.258319 -0.082661
v 0.958344 -0.258319 -0.082661
v -0.958344 0.263475 -0.08266
v 0.958344 0.263475 -0.08266
v -0.299644 -0.945435 -0.080078
v 0.299644 -0.945435 -0.080078
v -0.932513 -0.340979 -0.080078
v 0.932513 -0.340979 -0.080078
v -0.932513 0.346136 -0.080077
v 0.932513 0.346136 -0.080077
v -0.299644 0.945424 -0.080077
v 0.299644 0.945424 -0.080077
v -0.007749 -0.989348 -0.077495
v 0.007749 -0.989348 -0.077495
v -0.007749 0.989337 -0.077494
v 0.007749 0.989337 -0.077494
v -0.020665 -0.989348 -0.074912
v 0.020665 -0.989348 -0.074912
v -0.898933 -0.421057 -0.074912
v 0.898933 -0.421057 -0.074912
v -0.898933 0.423629 -0.074911
v 0.898933 0.423629 -0.074911
v -0.020665 0.989337 -0.074911
v 0.020665 0.989337 -0.074911
v -0.860186 -0.498551 -0.072329
v 0.860186 -0.498551 -0.072329
v -0.860186 0.495958 -0.072329
v 0.860186 0.495958 -0.072329
v -0.033581 -0.989348 -0.069744
v 0.033581 -0.989348 -0.069744
v -0.033581 0.989337 -0.069744
v 0.033581 0.989337 -0.069744
v -0.142073 -0.981599 -0.067161
v 0.142073 -0.981599 -0.067161
v -0.813689 -0.57088 -0.067161
v 0.813689 -0.57088 -0.067161
v -0.813689 0.568286 -0.067161
v 0.813689 0.568286 -0.067161
v -0.142073 0.981588 -0.067161
v 0.142073 0.981588 -0.067161
v -0.764609 -0.638041 -0.064578
v 0.764609 -0.638041 -0.064578
v -0.764609 0.635447 -0.064578
v 0.764609 0.635447 -0.064578
v -0.043967 0.991369 -0.062163
v -0.043887 -0.990291 -0.062149
v 0.043961 -0.991358 -0.062142
v 0.043978 0.990585 -0.062082
v -0.224733 -0.9661 -0.061996
v 0.224733 -0.9661 -0.061996
v -0.224733 0.966089 -0.061995
v 0.224733 0.966089 -0.061995
v -0.710363 -0.697453 -0.059412
v -0.710363 -0.697453 -0.059412
v 0.710363 -0.697453 -0.059412
v 0.710363 -0.697453 -0.059412
v -0.710363 0.69486 -0.059412
v -0.710363 0.69486 -0.059412
v 0.710363 0.69486 -0.059412
v 0.710363 0.69486 -0.059412
v -0.054361 -0.992661 -0.054526
v -0.054361 -0.992661 -0.054526
v 0.054506 0.99312 -0.054463
v 0.054506 0.99312 -0.054463
v 0.054499 -0.993254 -0.054344
v 0.054499 -0.993254 -0.054344
v -0.054639 0.993582 -0.054322
v -0.054639 0.993582 -0.054322
v -0.650952 -0.751698 -0.054246
v 0.650952 -0.751698 -0.054246
v -0.650952 0.751688 -0.054246
v 0.650952 0.751688 -0.054246
v -0.588955 -0.800779 -0.049079
v 0.588955 -0.800779 -0.049079
v -0.588955 0.800768 -0.049079
v 0.588955 0.800768 -0.049079
v -0.062141 -0.991054 -0.043969
v 0.06219 0.991058 -0.043937
v -0.521794 -0.847275 -0.043913
v 0.521794 -0.847275 -0.043913
v -0.521794 0.844682 -0.043913
v 0.521794 0.844682 -0.043913
v -0.062236 0.990599 -0.043822
v 0.062147 -0.99053 -0.043818
v -0.149822 -0.981599 -0.04133
v 0.149822 -0.981599 -0.04133
v -0.149822 0.981588 -0.04133
v 0.149822 0.981588 -0.04133
v -0.454633 -0.886022 -0.038747
v 0.454633 -0.886022 -0.038747
v -0.454633 0.886012 -0.038747
v 0.454633 0.886012 -0.038747
v -0.069744 -0.989348 -0.033581
v 0.069744 -0.989348 -0.033581
v -0.382304 -0.917019 -0.033581
v 0.382304 -0.917019 -0.033581
v -0.382304 0.917009 -0.033581
v 0.382304 0.917009 -0.033581
v -0.069744 0.989337 -0.033581
v 0.069744 0.989337 -0.033581
v -0.307394 -0.945435 -0.025831
v 0.307394 -0.945435 -0.025831
v -0.307394 0.945424 -0.025831
v 0.307394 0.945424 -0.025831
v -0.074911 -0.989348 -0.020665
v 0.074911 -0.989348 -0.020665
v -0.232482 -0.9661 -0.020665
v 0.232482 -0.9661 -0.020665
v -0.232482 0.966089 -0.020665
v 0.232482 0.966089 -0.020665
v -0.074911 0.989337 -0.020665
v 0.074911 0.989337 -0.020665
v -0.154989 -0.981599 -0.015499
v 0.154989 -0.981599 -0.015499
v -0.154989 0.981588 -0.015499
v 0.154989 0.981588 -0.015499
v -0.077494 -0.989348 -0.007749
v 0.077494 -0.989348 -0.007749
v -0.077494 0.989337 -0.007749
v 0.077494 0.989337 -0.007749
v -0.000157 1 0.000005
v -0.000157 1 0.000005
v -0.000157 1 0.000005
v -0.000157 1 0.000005
v -0.00003 -1 0.000049
v -0.00003 -1 0.000049
v -0.00003 -1 0.000049
v -0.00003 -1 0.000049
v -0.077494 -0.989348 0.007749
v 0.077494 -0.989348 0.007749
v -0.077494 0.989337 0.007749
v 0.077494 0.989337 0.007749
v -0.154989 -0.981599 0.015499
v 0.154989 -0.981599 0.015499
v -0.154989 0.981588 0.015499
v 0.154989 0.981588 0.015499
v -0.074911 -0.989348 0.020665
v 0.074911 -0.989348 0.020665
v -0.232482 -0.9661 0.020665
v 0.232482 -0.9661 0.020665
v -0.232482 0.966089 0.020665
v 0.232482 0.966089 0.020665
v -0.074911 0.989337 0.020665
v 0.074911 0.989337 0.020665
v -0.307394 -0.945435 0.025831
v 0.307394 -0.945435 0.025831
v -0.307394 0.945424 0.025831
v 0.307394 0.945424 0.025831
v -0.069744 -0.989348 0.033581
v 0.069744 -0.989348 0.033581
v -0.382304 -0.917019 0.033581
v 0.382304 -0.917019 0.033581
v -0.382304 0.917009 0.033581
v 0.382304 0.917009 0.033581
v -0.069744 0.989337 0.033581
v 0.069744 0.989337 0.033581
v -0.454633 -0.886022 0.038747
v 0.454633 -0.886022 0.038747
v -0.454633 0.886012 0.038747
v 0.454633 0.886012 0.038747
v -0.149822 -0.981599 0.04133
v 0.149822 -0.981599 0.04133
v -0.149822 0.981588 0.04133
v 0.149822 0.981588 0.04133
v -0.521794 -0.847275 0.043913
v 0.521794 -0.847275 0.043913
v -0.521794 0.844682 0.043913
v 0.521794 0.844682 0.043913
v 0.062176 -0.991178 0.043924
v 0.062028 0.990552 0.043938
v -0.062179 0.991246 0.043969
v -0.062079 -0.990563 0.043977
v -0.588955 -0.800779 0.049079
v 0.588955 -0.800779 0.049079
v -0.588955 0.800768 0.049079
v 0.588955 0.800768 0.049079
v -0.650952 -0.751698 0.054246
v 0.650952 -0.751698 0.054246
v -0.650952 0.751688 0.054246
v 0.650952 0.751688 0.054246
v 0.05447 -0.993108 0.054377
v 0.05447 -0.993108 0.054377
v -0.054523 0.99292 0.054415
v -0.054523 0.99292 0.054415
v 0.054371 0.993191 0.054528
v 0.054371 0.993191 0.054528
v -0.054507 -0.993816 0.054569
v -0.054507 -0.993816 0.054569
v -0.710363 -0.697453 0.059412
v -0.710363 -0.697453 0.059412
v 0.710363 -0.697453 0.059412
v 0.710363 -0.697453 0.059412
v -0.710363 0.69486 0.059412
v -0.710363 0.69486 0.059412
v 0.710363 0.69486 0.059412
v 0.710363 0.69486 0.059412
v -0.224733 -0.9661 0.061995
v 0.224733 -0.9661 0.061995
v -0.224733 0.966089 0.061996
v 0.224733 0.966089 0.061996
v 0.043937 -0.990517 0.062027
v -0.043949 0.990295 0.062043
v 0.043938 0.991262 0.062195
v -0.043962 -0.991596 0.062243
v -0.764609 -0.638041 0.064578
v 0.764609 -0.638041 0.064578
v -0.764609 0.635447 0.064578
v 0.764609 0.635447 0.064578
v -0.142073 -0.981599 0.067161
v 0.142073 -0.981599 0.067161
v -0.813689 -0.57088 0.067161
v 0.813689 -0.57088 0.067161
v -0.813689 0.568286 0.067161
v 0.813689 0.568286 0.067161
v -0.142073 0.981588 0.067161
v 0.142073 0.981588 0.067161
v -0.033581 -0.989348 0.069744
v 0.033581 -0.989348 0.069744
v -0.033581 0.989337 0.069744
v 0.033581 0.989337 0.069744
v -0.860186 -0.498551 0.072329
v 0.860186 -0.498551 0.072329
v -0.860186 0.495958 0.072329
v 0.860186 0.495958 0.072329
v -0.020665 -0.989348 0.074911
v 0.020665 -0.989348 0.074911
v -0.898933 -0.421057 0.074911
v 0.898933 -0.421057 0.074911
v -0.898933 0.423629 0.074912
v 0.898933 0.423629 0.074912
v -0.020665 0.989337 0.074912
v 0.020665 0.989337 0.074912
v -0.007749 -0.989348 0.077494
v 0.007749 -0.989348 0.077494
v -0.007749 0.989337 0.077495
v 0.007749 0.989337 0.077495
v -0.299644 -0.945435 0.080077
v 0.299644 -0.945435 0.080077
v -0.932513 -0.340979 0.080077
v 0.932513 -0.340979 0.080077
v -0.932513 0.346136 0.080078
v 0.932513 0.346136 0.080078
v -0.299644 0.945424 0.080078
v 0.299644 0.945424 0.080078
v -0.958344 -0.258319 0.08266
v 0.958344 -0.258319 0.08266
v -0.958344 0.263475 0.082661
v 0.958344 0.263475 0.082661
v -0.97901 -0.170492 0.085243
v 0.97901 -0.170492 0.085243
v -0.989343 -0.082666 0.085243
v 0.989343 -0.082666 0.085243
v -0.991926 0.007744 0.085243
v -0.991926 0.007744 0.085243
v 0.991926 0.007744 0.085243
v 0.991926 0.007744 0.085243
v -0.989343 0.095571 0.085243
v 0.989343 0.095571 0.085243
v -0.97901 0.180815 0.085243
v 0.97901 0.180815 0.085243
v -0.129285 -0.982602 0.090422
v 0.129223 0.982304 0.090468
v -0.12931 0.982365 0.090481
v 0.129266 -0.982319 0.090506
v -0.211817 -0.9661 0.100743
v 0.211817 -0.9661 0.100743
v -0.371972 -0.917019 0.100743
v 0.371972 -0.917019 0.100743
v -0.371972 0.917009 0.100743
v 0.371972 0.917009 0.100743
v -0.211817 0.966089 0.100743
v 0.211817 0.966089 0.100743
v 0.111479 -0.985032 0.111381
v 0.111479 -0.985032 0.111381
v -0.111539 0.985047 0.111422
v -0.111539 0.985047 0.111422
v -0.111483 -0.985764 0.11147
v -0.111483 -0.985764 0.11147
v 0.1114 0.985181 0.111638
v 0.1114 0.985181 0.111638
v -0.441716 -0.886022 0.116242
v 0.441716 -0.886022 0.116242
v -0.441716 0.886012 0.116242
v 0.441716 0.886012 0.116242
v -0.090466 0.982305 0.129223
v 0.090428 -0.98236 0.129245
v -0.090518 -0.982538 0.129281
v 0.090491 0.982393 0.129331
v -0.281563 -0.945435 0.13174
v 0.281563 -0.945435 0.13174
v -0.508879 -0.847275 0.13174
v 0.508879 -0.847275 0.13174
v -0.508879 0.844682 0.13174
v 0.508879 0.844682 0.13174
v -0.281563 0.945424 0.13174
v 0.281563 0.945424 0.13174
v -0.191331 -0.967167 0.136993
v -0.191288 0.966801 0.13703
v 0.191323 0.967106 0.137062
v 0.191415 -0.967306 0.137076
v -0.067161 -0.981599 0.142073
v 0.067161 -0.981599 0.142073
v -0.067161 0.981588 0.142073
v 0.067161 0.981588 0.142073
v -0.573457 -0.800779 0.147239
v 0.573457 -0.800779 0.147239
v -0.573457 0.800768 0.147239
v 0.573457 0.800768 0.147239
v -0.04133 -0.981599 0.149822
v 0.04133 -0.981599 0.149822
v -0.04133 0.981588 0.149822
v 0.04133 0.981588 0.149822
v -0.015499 -0.981599 0.154989
v 0.015499 -0.981599 0.154989
v -0.015499 0.981588 0.154989
v 0.015499 0.981588 0.154989
v -0.348724 -0.917019 0.162738
v 0.348724 -0.917019 0.162738
v -0.63287 -0.751698 0.162738
v 0.63287 -0.751698 0.162738
v -0.63287 0.751688 0.162738
v 0.63287 0.751688 0.162738
v -0.348724 0.917009 0.162738
v 0.348724 0.917009 0.162738
v -0.165834 0.969318 0.165845
v -0.165834 0.969318 0.165845
v -0.165977 -0.970048 0.16587
v -0.165977 -0.970048 0.16587
v 0.165857 0.969527 0.165953
v 0.165857 0.969527 0.165953
v 0.165973 -0.970138 0.166001
v 0.165973 -0.970138 0.166001
v -0.689698 -0.697453 0.178237
v -0.689698 -0.697453 0.178237
v 0.689698 -0.697453 0.178237
v 0.689698 -0.697453 0.178237
v -0.689698 0.69486 0.178237
v -0.689698 0.69486 0.178237
v 0.689698 0.69486 0.178237
v 0.689698 0.69486 0.178237
v 0.255882 0.946082 0.178324
v -0.25593 -0.946402 0.178389
v -0.255966 0.946165 0.178392
v 0.256054 -0.946476 0.178486
v -0.415885 -0.886022 0.191152
v 0.415885 -0.886022 0.191152
v -0.743944 -0.638041 0.191152
v -0.743944 -0.638041 0.191152
v 0.743944 -0.638041 0.191152
v -0.743944 0.635447 0.191152
v 0.743944 0.635447 0.191152
v -0.415885 0.886012 0.191152
v 0.415885 0.886012 0.191152
v 0.137022 -0.966948 0.191279
v -0.137076 -0.967075 0.191337
v -0.137027 0.967169 0.191344
v 0.137038 0.967047 0.191368
v -0.793023 -0.57088 0.204068
v 0.793023 -0.57088 0.204068
v -0.793023 0.568286 0.204068
v 0.793023 0.568286 0.204068
v -0.100743 -0.9661 0.211817
v 0.100743 -0.9661 0.211817
v -0.100743 0.966089 0.211817
v 0.100743 0.966089 0.211817
v -0.836937 -0.498551 0.216983
v 0.836937 -0.498551 0.216983
v -0.836937 0.495958 0.216983
v 0.836937 0.495958 0.216983
v -0.480464 -0.847275 0.219567
v 0.480464 -0.847275 0.219567
v -0.480464 0.844682 0.219567
v 0.480464 0.844682 0.219567
v -0.317969 -0.917765 0.219741
v 0.318066 -0.91798 0.219805
v 0.31803 0.918009 0.219813
v -0.318122 0.918204 0.219889
v -0.222776 0.948266 0.222797
v -0.222776 0.948266 0.222797
v -0.222936 -0.948933 0.222941
v -0.222936 -0.948933 0.222941
v 0.222927 0.948832 0.222947
v 0.222927 0.948832 0.222947
v 0.223085 -0.949695 0.223084
v 0.223085 -0.949695 0.223084
v -0.061995 -0.9661 0.224733
v 0.061995 -0.9661 0.224733
v -0.875684 -0.421057 0.224733
v 0.875684 -0.421057 0.224733
v -0.875684 0.423629 0.224733
v 0.875684 0.423629 0.224733
v -0.061995 0.966089 0.224733
v 0.061995 0.966089 0.224733
v -0.020665 -0.9661 0.232482
v 0.020665 -0.9661 0.232482
v -0.020665 0.966089 0.232482
v 0.020665 0.966089 0.232482
v -0.906682 -0.340979 0.235065
v 0.906682 -0.340979 0.235065
v -0.906682 0.346136 0.235065
v 0.906682 0.346136 0.235065
v -0.932513 -0.258319 0.240232
v 0.932513 -0.258319 0.240232
v -0.932513 0.263475 0.240232
v 0.932513 0.263475 0.240232
v -0.539876 -0.800779 0.242815
v 0.539876 -0.800779 0.242815
v -0.539876 0.800768 0.242815
v 0.539876 0.800768 0.242815
v -0.950595 -0.170492 0.245398
v 0.950595 -0.170492 0.245398
v -0.950595 0.180815 0.245398
v 0.950595 0.180815 0.245398
v -0.960927 -0.082666 0.247981
v 0.960927 -0.082666 0.247981
v -0.963512 0.007744 0.247981
v -0.963512 0.007744 0.247981
v 0.963512 0.007744 0.247981
v 0.963512 0.007744 0.247981
v -0.960927 0.095571 0.247981
v 0.960927 0.095571 0.247981
v -0.178342 0.946086 0.255867
v 0.178426 0.946218 0.255978
v -0.178412 -0.946246 0.256009
v 0.178401 -0.946699 0.256019
v 0.377359 0.886639 0.261054
v -0.377372 -0.886733 0.261066
v -0.377477 0.886678 0.261137
v 0.377461 -0.886801 0.261156
v -0.596705 -0.751698 0.268647
v 0.596705 -0.751698 0.268647
v -0.596705 0.751688 0.268647
v 0.596705 0.751688 0.268647
v -0.274648 -0.920014 0.274662
v -0.274648 -0.920014 0.274662
v 0.274741 0.920301 0.274769
v 0.274741 0.920301 0.274769
v 0.274908 -0.920746 0.274871
v 0.274908 -0.920746 0.274871
v -0.27491 0.920856 0.274914
v -0.27491 0.920856 0.274914
v -0.13174 -0.945435 0.281563
v 0.13174 -0.945435 0.281563
v -0.13174 0.945424 0.281563
v 0.13174 0.945424 0.281563
v -0.648368 -0.697453 0.291895
v -0.648368 -0.697453 0.291895
v 0.648368 -0.697453 0.291895
v -0.648368 0.69486 0.291895
v 0.648368 0.69486 0.291895
v 0.648368 0.69486 0.291895
v -0.080077 -0.945435 0.299644
v 0.080077 -0.945435 0.299644
v -0.080077 0.945424 0.299644
v 0.080077 0.945424 0.299644
v -0.434258 -0.847935 0.299874
v -0.434307 0.845327 0.299913
v 0.434381 0.845562 0.299972
v 0.434522 -0.848268 0.300083
v -0.025831 -0.945435 0.307394
v 0.025831 -0.945435 0.307394
v -0.025831 0.945424 0.307394
v 0.025831 0.945424 0.307394
v -0.700031 -0.638041 0.315143
v -0.700031 -0.638041 0.315143
v 0.700031 -0.638041 0.315143
v 0.700031 -0.638041 0.315143
v -0.700031 0.635447 0.315143
v -0.700031 0.635447 0.315143
v 0.700031 0.635447 0.315143
v 0.700031 0.635447 0.315143
v 0.219751 -0.917769 0.317953
v -0.219751 -0.917747 0.317953
v -0.219718 0.917739 0.317958
v 0.219783 0.91788 0.318033
v -0.326444 -0.888858 0.326426
v -0.326444 -0.888858 0.326426
v 0.326629 0.889205 0.326648
v 0.326629 0.889205 0.326648
v 0.326628 -0.889517 0.326652
v 0.326628 -0.889517 0.326652
v -0.326927 0.89014 0.326969
v -0.326927 0.89014 0.326969
v -0.746527 -0.57088 0.335808
v 0.746527 -0.57088 0.335808
v -0.746527 0.568286 0.335808
v 0.746527 0.568286 0.335808
v 0.488609 -0.801393 0.336101
v 0.48867 0.801587 0.336168
v -0.488709 -0.801647 0.336174
v -0.488744 0.801604 0.336206
v -0.162738 -0.917019 0.348724
v 0.162738 -0.917019 0.348724
v -0.162738 0.917009 0.348724
v 0.162738 0.917009 0.348724
v -0.787857 -0.498551 0.35389
v 0.787857 -0.498551 0.35389
v -0.787857 0.495958 0.35389
v 0.787857 0.495958 0.35389
v 0.540314 -0.752292 0.369732
v -0.540331 0.752268 0.369745
v -0.540418 -0.752589 0.369793
v 0.54054 0.752688 0.369909
v -0.100743 -0.917019 0.371972
v 0.100743 -0.917019 0.371972
v -0.824022 -0.421057 0.371972
v 0.824022 -0.421057 0.371972
v -0.824022 0.423629 0.371972
v 0.824022 0.423629 0.371972
v -0.100743 0.917009 0.371972
v 0.100743 0.917009 0.371972
v 0.375944 -0.850436 0.375929
v 0.375944 -0.850436 0.375929
v -0.375895 0.847705 0.375935
v -0.375895 0.847705 0.375935
v -0.37597 -0.850414 0.375972
v -0.37597 -0.850414 0.375972
v 0.376159 0.848211 0.376206
v 0.376159 0.848211 0.376206
v -0.261157 -0.886759 0.377462
v 0.261144 -0.887 0.377482
v 0.261202 0.886825 0.377519
v -0.261212 0.887194 0.377532
v -0.033581 -0.917019 0.382304
v 0.033581 -0.917019 0.382304
v -0.033581 0.917009 0.382304
v 0.033581 0.917009 0.382304
v -0.855019 -0.340979 0.384888
v 0.855019 -0.340979 0.384888
v -0.855019 0.346136 0.384888
v 0.855019 0.346136 0.384888
v -0.878267 -0.258319 0.39522
v 0.878267 -0.258319 0.39522
v -0.878267 0.263475 0.39522
v 0.878267 0.263475 0.39522
v 0.58686 0.695447 0.403354
v -0.586982 -0.698246 0.40347
v -0.587012 0.695661 0.403497
v 0.587121 -0.698341 0.403584
v -0.896349 -0.170492 0.405553
v 0.896349 -0.170492 0.405553
v -0.896349 0.180815 0.405553
v 0.896349 0.180815 0.405553
v -0.906682 -0.082666 0.408136
v 0.906682 -0.082666 0.408136
v -0.906682 0.095571 0.408136
v 0.906682 0.095571 0.408136
v -0.909265 0.007744 0.410719
v -0.909265 0.007744 0.410719
v 0.909265 0.007744 0.410719
v 0.909265 0.007744 0.410719
v -0.191152 -0.886022 0.415885
v 0.191152 -0.886022 0.415885
v -0.191152 0.886012 0.415885
v 0.191152 0.886012 0.415885
v -0.42244 0.803421 0.422396
v -0.42244 0.803421 0.422396
v 0.422658 -0.803812 0.422648
v 0.422658 -0.803812 0.422648
v -0.422747 -0.804021 0.422682
v -0.422747 -0.804021 0.422682
v 0.423031 0.804461 0.423099
v 0.423031 0.804461 0.423099
v 0.299887 -0.848054 0.434303
v 0.633327 0.636008 0.434336
v 0.633327 0.636008 0.434336
v 0.633449 -0.638595 0.434429
v 0.633449 -0.638595 0.434429
v -0.633441 0.636036 0.434444
v -0.633441 0.636036 0.434444
v -0.300014 -0.848148 0.434463
v -0.300044 0.845765 0.434506
v 0.300073 0.845699 0.434551
v -0.633625 -0.638902 0.434597
v -0.633625 -0.638902 0.434597
v -0.116242 -0.886022 0.441716
v 0.116242 -0.886022 0.441716
v -0.116242 0.886012 0.441716
v 0.116242 0.886012 0.441716
v -0.038747 -0.886022 0.454633
v 0.038747 -0.886022 0.454633
v -0.038747 0.886012 0.454633
v 0.038747 0.886012 0.454633
v -0.674722 0.568695 0.462811
v 0.674748 0.568823 0.462831
v 0.674748 0.568823 0.462831
v -0.674785 -0.571438 0.462848
v -0.674785 -0.571438 0.462848
v 0.674904 -0.571454 0.462961
v -0.466635 0.754346 0.46661
v -0.466635 0.754346 0.46661
v -0.466747 -0.754551 0.466671
v -0.466747 -0.754551 0.466671
v 0.466631 -0.754494 0.466697
v 0.466631 -0.754494 0.466697
v 0.466841 0.754599 0.46685
v 0.466841 0.754599 0.46685
v -0.219567 -0.847275 0.480464
v 0.219567 -0.847275 0.480464
v -0.219567 0.844682 0.480464
v 0.219567 0.844682 0.480464
v -0.336068 0.801395 0.488546
v 0.336078 -0.80139 0.488555
v -0.336095 -0.801391 0.488579
v -0.713451 -0.498962 0.488634
v -0.713554 0.496374 0.488719
v 0.713574 -0.498977 0.488748
v 0.336239 0.801625 0.488798
v 0.7137 0.496532 0.488855
v 0.505466 0.697247 0.505489
v 0.505466 0.697247 0.505489
v -0.505594 0.697492 0.505587
v -0.505594 0.697492 0.505587
v -0.50587 -0.7003 0.505849
v -0.50587 -0.7003 0.505849
v 0.505869 -0.700465 0.505873
v 0.505869 -0.700465 0.505873
v -0.13174 -0.847275 0.508879
v 0.13174 -0.847275 0.508879
v -0.13174 0.844682 0.508879
v 0.13174 0.844682 0.508879
v -0.747014 -0.421398 0.509277
v 0.747044 0.423997 0.509304
v -0.747281 0.424059 0.509497
v 0.747322 -0.421501 0.509532
v -0.043913 -0.847275 0.521794
v 0.043913 -0.847275 0.521794
v -0.043913 0.844682 0.521794
v 0.043913 0.844682 0.521794
v 0.772358 -0.340979 0.529544
v -0.772358 0.346136 0.529544
v 0.772912 0.346469 0.529991
v -0.773158 -0.341446 0.530191
v -0.242815 -0.800779 0.539876
v 0.242815 -0.800779 0.539876
v -0.242815 0.800768 0.539876
v 0.242815 0.800768 0.539876
v -0.369647 0.752231 0.540223
v 0.369684 0.752155 0.540274
v -0.369733 -0.752258 0.540315
v 0.369779 -0.752513 0.540398
v 0.544329 0.637734 0.544326
v 0.544329 0.637734 0.544326
v 0.544329 0.637734 0.544326
v -0.54459 0.638098 0.544611
v -0.54459 0.638098 0.544611
v -0.54459 0.638098 0.544611
v -0.544701 -0.640636 0.54469
v -0.544701 -0.640636 0.54469
v 0.544922 -0.640972 0.544932
v 0.544922 -0.640972 0.544932
v -0.795606 -0.258319 0.545042
v 0.795606 0.263475 0.545042
v -0.796405 0.263704 0.545705
v 0.796511 -0.258562 0.545793
v 0.811106 -0.170492 0.555375
v -0.811106 0.180815 0.555375
v 0.811755 0.181001 0.555916
v -0.811965 -0.170724 0.556091
v -0.818856 -0.082666 0.563124
v 0.818856 -0.082666 0.563124
v -0.821439 0.007744 0.563124
v -0.821439 0.007744 0.563124
v 0.821439 0.007744 0.563124
v 0.821439 0.007744 0.563124
v -0.818856 0.095571 0.563124
v 0.818856 0.095571 0.563124
v -0.147239 -0.800779 0.573457
v 0.147239 -0.800779 0.573457
v -0.147239 0.800768 0.573457
v 0.147239 0.800768 0.573457
v 0.580657 0.570166 0.580611
v 0.580657 0.570166 0.580611
v 0.580657 0.570166 0.580611
v -0.580687 -0.572905 0.580712
v -0.580687 -0.572905 0.580712
v -0.580687 -0.572905 0.580712
v -0.580687 -0.572905 0.580712
v -0.580779 0.570458 0.58082
v -0.580779 0.570458 0.58082
v -0.580779 0.570458 0.58082
v 0.581008 -0.573227 0.581024
v 0.581008 -0.573227 0.581024
v 0.581008 -0.573227 0.581024
v 0.581008 -0.573227 0.581024
v -0.403399 0.695557 0.586917
v -0.40342 -0.698087 0.586942
v 0.403416 -0.698228 0.586945
v 0.403485 0.695634 0.586999
v -0.049079 -0.800779 0.588955
v 0.049079 -0.800779 0.588955
v -0.049079 0.800768 0.588955
v 0.049079 0.800768 0.588955
v -0.268647 -0.751698 0.596705
v 0.268647 -0.751698 0.596705
v -0.268647 0.751688 0.596705
v 0.268647 0.751688 0.596705
v -0.611517 -0.500138 0.611526
v -0.611517 -0.500138 0.611526
v 0.611829 0.49773 0.611833
v 0.611829 0.49773 0.611833
v 0.611871 -0.50038 0.611834
v 0.611871 -0.50038 0.611834
v -0.611873 0.497756 0.611882
v -0.611873 0.497756 0.611882
v -0.162738 -0.751698 0.63287
v 0.162738 -0.751698 0.63287
v -0.162738 0.751688 0.63287
v 0.162738 0.751688 0.63287
v 0.434319 0.635864 0.633292
v 0.434319 0.635864 0.633292
v -0.434326 0.636002 0.633318
v -0.434326 0.636002 0.633318
v -0.43442 -0.638582 0.633434
v -0.43442 -0.638582 0.633434
v 0.434494 -0.638796 0.633502
v 0.434494 -0.638796 0.633502
v -0.6401 -0.422464 0.640001
v -0.6401 -0.422464 0.640001
v 0.64017 0.42518 0.640184
v 0.64017 0.42518 0.640184
v 0.640604 -0.422763 0.640623
v 0.640604 -0.422763 0.640623
v -0.640709 0.425469 0.640751
v -0.640709 0.425469 0.640751
v -0.291895 -0.697453 0.648368
v 0.291895 -0.697453 0.648368
v 0.291895 -0.697453 0.648368
v -0.291895 0.69486 0.648368
v -0.291895 0.69486 0.648368
v 0.291895 0.69486 0.648368
v -0.054246 -0.751698 0.650952
v 0.054246 -0.751698 0.650952
v -0.054246 0.751688 0.650952
v 0.054246 0.751688 0.650952
v 0.664929 0.346841 0.66492
v 0.664929 0.346841 0.66492
v -0.665062 -0.341725 0.664984
v -0.665062 -0.341725 0.664984
v -0.665312 0.347051 0.66534
v -0.665312 0.347051 0.66534
v 0.665382 -0.341918 0.665413
v 0.665382 -0.341918 0.665413
v 0.462762 0.568637 0.674673
v -0.462904 -0.571394 0.674835
v -0.462942 0.568994 0.674901
v -0.462942 0.568994 0.674901
v 0.462991 -0.571612 0.674966
v 0.462991 -0.571612 0.674966
v -0.683429 -0.258751 0.683412
v -0.683429 -0.258751 0.683412
v 0.683367 0.263926 0.683416
v 0.683367 0.263926 0.683416
v -0.683432 0.263938 0.683432
v -0.683432 0.263938 0.683432
v 0.683585 -0.258799 0.683577
v 0.683585 -0.258799 0.683577
v -0.178237 -0.697453 0.689698
v -0.178237 -0.697453 0.689698
v 0.178237 -0.697453 0.689698
v 0.178237 -0.697453 0.689698
v -0.178237 0.69486 0.689698
v -0.178237 0.69486 0.689698
v 0.178237 0.69486 0.689698
v 0.178237 0.69486 0.689698
v -0.696345 -0.170925 0.696328
v -0.696345 -0.170925 0.696328
v 0.696283 0.181266 0.696332
v 0.696283 0.181266 0.696332
v -0.696348 0.181278 0.696348
v -0.696348 0.181278 0.696348
v 0.696501 -0.170972 0.696495
v 0.696501 -0.170972 0.696495
v -0.315143 -0.638041 0.700031
v -0.315143 -0.638041 0.700031
v 0.315143 -0.638041 0.700031
v 0.315143 -0.638041 0.700031
v -0.315143 0.635447 0.700031
v -0.315143 0.635447 0.700031
v 0.315143 0.635447 0.700031
v 0.315143 0.635447 0.700031
v -0.702614 -0.082666 0.702614
v -0.702614 -0.082666 0.702614
v 0.702614 -0.082666 0.702614
v 0.702614 -0.082666 0.702614
v -0.702614 0.095571 0.702614
v -0.702614 0.095571 0.702614
v 0.702614 0.095571 0.702614
v 0.702614 0.095571 0.702614
v -0.705197 0.007744 0.705197
v -0.705197 0.007744 0.705197
v -0.705197 0.007744 0.705197
v -0.705197 0.007744 0.705197
v 0.705197 0.007744 0.705197
v 0.705197 0.007744 0.705197
v 0.705197 0.007744 0.705197
v 0.705197 0.007744 0.705197
v -0.059412 -0.697453 0.710363
v -0.059412 -0.697453 0.710363
v 0.059412 -0.697453 0.710363
v 0.059412 -0.697453 0.710363
v -0.059412 0.69486 0.710363
v -0.059412 0.69486 0.710363
v 0.059412 0.69486 0.710363
v 0.059412 0.69486 0.710363
v -0.488596 -0.498871 0.713396
v -0.488715 0.496424 0.713534
v 0.488707 -0.499038 0.71354
v 0.488769 0.496436 0.713616
v -0.191152 -0.638041 0.743944
v 0.191152 -0.638041 0.743944
v 0.191152 -0.638041 0.743944
v -0.191152 0.635447 0.743944
v 0.191152 0.635447 0.743944
v -0.335808 -0.57088 0.746527
v 0.335808 -0.57088 0.746527
v -0.335808 0.568286 0.746527
v 0.335808 0.568286 0.746527
v -0.509274 -0.421336 0.746998
v 0.509304 -0.421398 0.747032
v 0.509388 0.424001 0.747133
v -0.509498 0.424137 0.747264
v -0.064578 -0.638041 0.764609
v 0.064578 -0.638041 0.764609
v -0.064578 0.635447 0.764609
v 0.064578 0.635447 0.764609
v -0.529544 -0.340979 0.772358
v 0.529544 0.346136 0.772358
v -0.530236 0.346621 0.773215
v 0.530266 -0.341474 0.773251
v -0.35389 -0.498551 0.787857
v 0.35389 -0.498551 0.787857
v -0.35389 0.495958 0.787857
v 0.35389 0.495958 0.787857
v -0.204068 -0.57088 0.793023
v 0.204068 -0.57088 0.793023
v -0.204068 0.568286 0.793023
v 0.204068 0.568286 0.793023
v 0.545042 -0.258319 0.795606
v -0.545042 0.263475 0.795606
v -0.545662 -0.25852 0.796354
v 0.54581 0.26374 0.796532
v -0.555375 -0.170492 0.811106
v 0.555375 0.180815 0.811106
v -0.556059 0.18105 0.811926
v 0.556107 -0.170729 0.811984
v -0.067161 -0.57088 0.813689
v 0.067161 -0.57088 0.813689
v -0.067161 0.568286 0.813689
v 0.067161 0.568286 0.813689
v -0.563124 -0.082666 0.818856
v 0.563124 -0.082666 0.818856
v -0.563124 0.095571 0.818856
v 0.563124 0.095571 0.818856
v -0.563124 0.007744 0.821439
v -0.563124 0.007744 0.821439
v 0.563124 0.007744 0.821439
v 0.563124 0.007744 0.821439
v -0.371972 -0.421057 0.824022
v 0.371972 -0.421057 0.824022
v -0.371972 0.423629 0.824022
v 0.371972 0.423629 0.824022
v -0.216983 -0.498551 0.836937
v 0.216983 -0.498551 0.836937
v -0.216983 0.495958 0.836937
v 0.216983 0.495958 0.836937
v -0.384888 -0.340979 0.855019
v 0.384888 -0.340979 0.855019
v -0.384888 0.346136 0.855019
v 0.384888 0.346136 0.855019
v -0.072329 -0.498551 0.860186
v 0.072329 -0.498551 0.860186
v -0.072329 0.495958 0.860186
v 0.072329 0.495958 0.860186
v -0.224733 -0.421057 0.875684
v 0.224733 -0.421057 0.875684
v -0.224733 0.423629 0.875684
v 0.224733 0.423629 0.875684
v -0.39522 -0.258319 0.878267
v 0.39522 -0.258319 0.878267
v -0.39522 0.263475 0.878267
v 0.39522 0.263475 0.878267
v -0.405553 -0.170492 0.896349
v 0.405553 -0.170492 0.896349
v -0.405553 0.180815 0.896349
v 0.405553 0.180815 0.896349
v -0.074911 -0.421057 0.898933
v 0.074911 -0.421057 0.898933
v -0.074911 0.423629 0.898933
v 0.074911 0.423629 0.898933
v -0.235065 -0.340979 0.906682
v 0.235065 -0.340979 0.906682
v -0.408136 -0.082666 0.906682
v 0.408136 -0.082666 0.906682
v -0.408136 0.095571 0.906682
v 0.408136 0.095571 0.906682
v -0.235065 0.346136 0.906682
v 0.235065 0.346136 0.906682
v -0.410719 0.007744 0.909265
v -0.410719 0.007744 0.909265
v 0.410719 0.007744 0.909265
v 0.410719 0.007744 0.909265
v -0.080077 -0.340979 0.932513
v 0.080077 -0.340979 0.932513
v -0.240232 -0.258319 0.932513
v 0.240232 -0.258319 0.932513
v -0.240232 0.263475 0.932513
v 0.240232 0.263475 0.932513
v -0.080077 0.346136 0.932513
v 0.080077 0.346136 0.932513
v -0.245398 -0.170492 0.950595
v 0.245398 -0.170492 0.950595
v -0.245398 0.180815 0.950595
v 0.245398 0.180815 0.950595
v -0.08266 -0.258319 0.958344
v 0.08266 -0.258319 0.958344
v -0.08266 0.263475 0.958344
v 0.08266 0.263475 0.958344
v -0.247981 -0.082666 0.960927
v 0.247981 -0.082666 0.960927
v -0.247981 0.095571 0.960927
v 0.247981 0.095571 0.960927
v -0.247981 0.007744 0.963512
v -0.247981 0.007744 0.963512
v 0.247981 0.007744 0.963512
v 0.247981 0.007744 0.963512
v -0.085243 -0.170492 0.97901
v 0.085243 -0.170492 0.97901
v -0.085243 0.180815 0.97901
v 0.085243 0.180815 0.97901
v -0.085243 -0.082666 0.989343
v 0.085243 -0.082666 0.989343
v -0.085243 0.095571 0.989343
v 0.085243 0.095571 0.989343
v -0.085243 0.007744 0.991926
v -0.085243 0.007744 0.991926
v 0.085243 0.007744 0.991926
v 0.085243 0.007744 0.991926
vt 0.319452 0.768893
vt 0.351724 0.153329
vt 0.350005 0.191096
vt 0.357258 0.768893
vt 0.331688 0.152418
vt 0.329969 0.190184
vt 0.319452 0.749409
vt 0.357257 0.749408
vt 0.312098 0.151526
vt 0.31038 0.189293
vt 0.320639 0.729808
vt 0.358445 0.729945
vt 0.28282 0.768708
vt 0.351743 0.116695
vt 0.344214 0.233624
vt 0.39389 0.768707
vt 0.331249 0.115787
vt 0.324332 0.230975
vt 0.282819 0.749223
vt 0.393891 0.749222
vt 0.292085 0.151189
vt 0.290418 0.187812
vt 0.323864 0.709725
vt 0.360522 0.710158
vt 0.311235 0.115467
vt 0.304928 0.228084
vt 0.284572 0.729457
vt 0.394515 0.729898
vt 0.272874 0.150888
vt 0.27126 0.186367
vt 0.291001 0.115797
vt 0.285273 0.224868
vt 0.288461 0.709123
vt 0.395929 0.71051
vt 0.328028 0.688967
vt 0.363534 0.689816
vt 0.244781 0.768354
vt 0.34929 0.078735
vt 0.334424 0.276431
vt 0.431928 0.768354
vt 0.271474 0.116073
vt 0.266248 0.222001
vt 0.328078 0.078425
vt 0.314958 0.271567
vt 0.245323 0.748869
vt 0.431385 0.748869
vt 0.293203 0.687886
vt 0.398368 0.690577
vt 0.253587 0.151158
vt 0.252077 0.184347
vt 0.333866 0.668353
vt 0.367063 0.669688
vt 0.307422 0.078166
vt 0.295806 0.267312
vt 0.247078 0.728977
vt 0.43201 0.729692
vt 0.286636 0.079647
vt 0.276535 0.261904
vt 0.252057 0.708327
vt 0.432341 0.710539
vt 0.252138 0.117568
vt 0.247448 0.218211
vt 0.300276 0.666912
vt 0.400654 0.67109
vt 0.234367 0.150857
vt 0.232909 0.182901
vt 0.340129 0.648055
vt 0.372143 0.650064
vt 0.266843 0.081237
vt 0.257986 0.257029
vt 0.258078 0.686741
vt 0.433508 0.691051
vt 0.232652 0.118413
vt 0.228394 0.215211
vt 0.30771 0.645911
vt 0.404576 0.65198
vt 0.247147 0.083328
vt 0.239358 0.25215
vt 0.26572 0.665127
vt 0.435245 0.672002
vt 0.205781 0.767689
vt 0.343536 0.040156
vt 0.321122 0.317805
vt 0.470928 0.767689
vt 0.321286 0.03951
vt 0.301948 0.311921
vt 0.205826 0.748204
vt 0.470882 0.748205
vt 0.215268 0.151135
vt 0.213915 0.18089
vt 0.348005 0.626674
vt 0.377669 0.629364
vt 0.299922 0.040636
vt 0.470259 0.729141
vt 0.28349 0.305251
vt 0.208861 0.728231
vt 0.214079 0.707401
vt 0.264637 0.298853
vt 0.278598 0.042564
vt 0.470286 0.71035
vt 0.21366 0.120473
vt 0.209816 0.211318
vt 0.317419 0.623985
vt 0.408253 0.632072
vt 0.227625 0.086556
vt 0.220801 0.246556
vt 0.275548 0.643524
vt 0.436802 0.653267
vt 0.258224 0.045267
vt 0.470494 0.690969
vt 0.24638 0.292378
vt 0.221161 0.68531
vt 0.196815 0.150869
vt 0.195513 0.179479
vt 0.355057 0.606437
vt 0.383484 0.60993
vt 0.470171 0.672266
vt 0.238599 0.049464
vt 0.230849 0.663299
vt 0.228502 0.285334
vt 0.208821 0.089874
vt 0.201862 0.241282
vt 0.286596 0.620873
vt 0.43917 0.634025
vt 0.096362 0.697926
vt 0.195002 0.122487
vt 0.191128 0.207579
vt 0.326847 0.602836
vt 0.411754 0.613031
vt 0.241483 0.641118
vt 0.219043 0.053503
vt 0.209265 0.278747
vt 0.470937 0.654009
vt 0.111726 0.728149
vt 0.178941 0.151202
vt 0.133099 0.744755
vt 0.177743 0.177524
vt 0.361985 0.587638
vt 0.810345 0.778988
vt 0.388015 0.591726
vt 0.789891 0.797082
vt 0.165083 0.766836
vt 0.33429 0.000514
vt 0.666815 0.658428
vt 0.700477 0.169851
vt 0.305114 0.358284
vt 0.352978 0.507992
vt 0.511626 0.76684
vt 0.833725 0.497091
vt 0.311011 0.000578
vt 0.640145 0.657538
vt 0.286495 0.350805
vt 0.375093 0.506253
vt 0.165571 0.74735
vt 0.702032 0.148067
vt 0.511138 0.747352
vt 0.8118 0.496515
vt 0.068315 0.686145
vt 0.190525 0.093669
vt 0.183157 0.235637
vt 0.184061 0.776848
vt 0.297941 0.598923
vt 0.851695 0.733943
vt 0.440825 0.615413
vt 0.740328 0.8326
vt 0.168567 0.727213
vt 0.701978 0.127464
vt 0.26828 0.343382
vt 0.396392 0.503578
vt 0.288712 0.001934
vt 0.614207 0.655408
vt 0.510563 0.728259
vt 0.792777 0.494797
vt 0.087944 0.714448
vt 0.177048 0.124524
vt 0.152194 0.764571
vt 0.173435 0.20392
vt 0.335638 0.583044
vt 0.833373 0.76356
vt 0.414537 0.595177
vt 0.771848 0.818124
vt 0.174597 0.70624
vt 0.699884 0.108338
vt 0.249946 0.335664
vt 0.417344 0.499717
vt 0.266957 0.00483
vt 0.588884 0.65159
vt 0.509785 0.709503
vt 0.773444 0.491116
vt 0.189842 0.271395
vt 0.254409 0.617605
vt 0.041107 0.65914
vt 0.200336 0.058655
vt 0.471506 0.634921
vt 0.709076 0.854441
vt 0.246528 0.008756
vt 0.567311 0.646492
vt 0.508827 0.690225
vt 0.753126 0.485979
vt 0.182843 0.683864
vt 0.696562 0.089336
vt 0.232249 0.328024
vt 0.437111 0.495056
vt 0.101426 0.743727
vt 0.120581 0.759378
vt 0.821834 0.794036
vt 0.803251 0.810661
vt 0.062337 0.703846
vt 0.172724 0.097481
vt 0.168372 0.786992
vt 0.858939 0.751364
vt 0.441278 0.597214
vt 0.756925 0.841574
vt 0.507634 0.671227
vt 0.732742 0.479315
vt 0.226623 0.013955
vt 0.548744 0.640387
vt 0.213044 0.31959
vt 0.45659 0.489412
vt 0.193421 0.661123
vt 0.691528 0.068555
vt 0.172724 0.26409
vt 0.199283 0.803968
vt 0.037695 0.677932
vt 0.182638 0.064415
vt 0.267906 0.594967
vt 0.882098 0.724029
vt 0.471103 0.616322
vt 0.727169 0.861104
vt 0.079959 0.73083
vt 0.137643 0.7778
vt 0.842763 0.779861
vt 0.786873 0.829915
vt 0.193123 0.310435
vt 0.475372 0.48305
vt 0.20756 0.020006
vt 0.53007 0.63272
vt 0.206166 0.638426
vt 0.685033 0.047013
vt 0.506326 0.65287
vt 0.712676 0.471268
vt 0.056575 0.72074
vt 0.152348 0.798724
vt 0.865985 0.768407
vt 0.773012 0.851581
vt 0.090971 0.759142
vt 0.108042 0.77362
vt 0.832995 0.808426
vt 0.816232 0.823523
vt 0.034094 0.696147
vt 0.886981 0.742141
vt 0.744567 0.868091
vt 0.182384 0.812566
vt 0.007062 0.654694
vt 0.190022 0.026845
vt 0.511627 0.62352
vt 0.78052 0.990751
vt 0.175153 0.30143
vt 0.22965 0.827517
vt 0.492902 0.47614
vt 0.926939 0.22093
vt 0.504933 0.634119
vt 0.555718 0.741735
vt 0.691829 0.461889
vt 0.221116 0.614503
vt 0.677767 0.025383
vt 0.911545 0.698671
vt 0.071876 0.746971
vt 0.123232 0.790455
vt 0.851818 0.795493
vt 0.801405 0.840895
vt 0.647493 0.617728
vt 0.364478 0.467412
vt 0.660036 0.174489
vt 0.671814 0.617728
vt 0.343222 0.468473
vt 0.836315 0.456395
vt 0.662108 0.153289
vt 0.815025 0.456381
vt 0.384965 0.464935
vt 0.66207 0.133126
vt 0.623275 0.615831
vt 0.796046 0.454636
vt 0.776696 0.451764
vt 0.599472 0.61335
vt 0.405566 0.46202
vt 0.66079 0.114015
vt 0.005719 0.673966
vt 0.761314 0.992462
vt 0.21143 0.833811
vt 0.928538 0.201548
vt 0.672784 0.007263
vt 0.764798 0.601785
vt 0.914118 0.717977
vt 0.503347 0.615387
vt 0.556973 0.761101
vt 0.717668 0.892191
vt 0.031046 0.713889
vt 0.89129 0.760195
vt 0.762213 0.875895
vt 0.164154 0.822466
vt 0.050707 0.737833
vt 0.135945 0.809798
vt 0.872774 0.785347
vt 0.789127 0.860677
vt 0.425348 0.458585
vt 0.658623 0.094757
vt 0.577801 0.609602
vt 0.756475 0.447775
vt 0.0799 0.774838
vt 0.095006 0.787926
vt 0.844454 0.822925
vt 0.829456 0.836432
vt 0.736628 0.442011
vt 0.559294 0.604396
vt 0.444553 0.453927
vt 0.654472 0.074404
vt 0.063084 0.76364
vt 0.108483 0.802976
vt 0.861166 0.811222
vt 0.816074 0.851832
vt 0.004586 0.692374
vt 0.742961 0.993901
vt 0.783184 0.605359
vt 0.916444 0.736442
vt 0.557993 0.779612
vt 0.735836 0.896806
vt 0.192959 0.840596
vt 0.929923 0.182992
vt 0.896063 0.777823
vt 0.027331 0.73145
vt 0.650339 0.053656
vt 0.463786 0.449571
vt 0.146276 0.831879
vt 0.716869 0.436085
vt 0.540197 0.598764
vt 0.77924 0.883051
vt 0.044095 0.754654
vt 0.120082 0.82049
vt 0.880066 0.801585
vt 0.804516 0.869622
vt 0.003603 0.70997
vt 0.725416 0.995193
vt 0.801704 0.610081
vt 0.918764 0.754862
vt 0.173363 0.848863
vt 0.931186 0.16527
vt 0.558951 0.79773
vt 0.754063 0.902669
vt 0.521016 0.591419
vt 0.696122 0.42873
vt 0.48239 0.444393
vt 0.892651 0.216008
vt 0.645084 0.032292
vt 0.753904 0.564794
vt 0.069234 0.788943
vt 0.082562 0.800492
vt 0.855731 0.837162
vt 0.842522 0.849109
vt 0.054189 0.779283
vt 0.094267 0.814007
vt 0.870689 0.827049
vt 0.83093 0.862948
vt 0.502082 0.582992
vt 0.756503 0.958808
vt 0.128289 0.839917
vt 0.023694 0.749327
vt 0.900438 0.795376
vt 0.523005 0.76515
vt 0.675899 0.420496
vt 0.639526 0.012413
vt 0.772299 0.570284
vt 0.500101 0.438714
vt 0.896351 0.197108
vt 0.796223 0.889235
vt 0.002797 0.728074
vt 0.707363 0.996315
vt 0.153578 0.855701
vt 0.932286 0.147073
vt 0.820236 0.613635
vt 0.920672 0.773378
vt 0.559636 0.815914
vt 0.77222 0.907053
vt 0.037762 0.771842
vt 0.10397 0.829207
vt 0.887059 0.81907
vt 0.821312 0.878403
vt 0.621107 0.176946
vt 0.674255 0.578766
vt 0.33686 0.429989
vt 0.837912 0.417417
vt 0.652167 0.578301
vt 0.35729 0.428569
vt 0.62272 0.156311
vt 0.817303 0.416943
vt 0.629636 0.578022
vt 0.377264 0.427443
vt 0.623951 0.136467
vt 0.798259 0.416475
vt 0.738511 0.963321
vt 0.789994 0.576255
vt 0.527063 0.78339
vt 0.900242 0.178781
vt 0.606718 0.575978
vt 0.397467 0.42495
vt 0.62299 0.117329
vt 0.77895 0.413836
vt 0.585774 0.573527
vt 0.416778 0.422604
vt 0.621798 0.098187
vt 0.759082 0.410921
vt 0.057885 0.803179
vt 0.069386 0.813246
vt 0.867138 0.851246
vt 0.855534 0.861725
vt 0.111303 0.845835
vt 0.904547 0.813506
vt 0.814022 0.895228
vt 0.020251 0.766978
vt 0.002044 0.746471
vt 0.68901 0.997307
vt 0.1342 0.860918
vt 0.933316 0.12855
vt 0.8387 0.616427
vt 0.922144 0.791551
vt 0.56017 0.834068
vt 0.790139 0.910414
vt 0.045008 0.794616
vt 0.079595 0.824861
vt 0.566795 0.570277
vt 0.436112 0.420034
vt 0.619793 0.07812
vt 0.739419 0.407188
vt 0.879974 0.842351
vt 0.845531 0.873718
vt 0.720977 0.967112
vt 0.90357 0.160935
vt 0.530547 0.801546
vt 0.807966 0.582903
vt 0.547496 0.565424
vt 0.455348 0.416497
vt 0.616427 0.057827
vt 0.720041 0.402102
vt 0.031158 0.788681
vt 0.087368 0.83777
vt 0.89385 0.836104
vt 0.837944 0.886874
vt 0.534486 0.819171
vt 0.907583 0.143289
vt 0.825379 0.589254
vt 0.703574 0.971424
vt 0.528194 0.55987
vt 0.474053 0.413139
vt 0.613254 0.037759
vt 0.699917 0.396596
vt 0.11626 0.86406
vt 0.934143 0.110193
vt 0.001506 0.764631
vt 0.670892 0.99807
vt 0.560637 0.852639
vt 0.808872 0.913579
vt 0.857699 0.618942
vt 0.923351 0.810356
vt 0.093405 0.851233
vt 0.832018 0.900502
vt 0.016984 0.784609
vt 0.908055 0.831637
vt 0.508935 0.553475
vt 0.74653 0.926484
vt 0.492366 0.409432
vt 0.864868 0.187869
vt 0.610045 0.019351
vt 0.783759 0.541199
vt 0.492866 0.773475
vt 0.680116 0.390503
vt 0.046605 0.817972
vt 0.05538 0.825796
vt 0.878368 0.865947
vt 0.869197 0.874197
vt 0.685845 0.975565
vt 0.842855 0.594879
vt 0.911519 0.125307
vt 0.538156 0.836808
vt 0.036348 0.810879
vt 0.063627 0.83515
vt 0.888647 0.85867
vt 0.861013 0.88381
vt 0.729378 0.933802
vt 0.510172 0.405645
vt 0.871322 0.170159
vt 0.606747 0.001449
vt 0.800772 0.549175
vt 0.498995 0.791241
vt 0.025027 0.805683
vt 0.070186 0.84574
vt 0.90004 0.853337
vt 0.854729 0.894706
vt 0.097529 0.866644
vt 0.934781 0.091883
vt 0.001144 0.782758
vt 0.652805 0.998685
vt 0.560866 0.870869
vt 0.827912 0.916043
vt 0.876121 0.620408
vt 0.923967 0.829225
vt 0.712957 0.940717
vt 0.877552 0.153261
vt 0.817256 0.558097
vt 0.505006 0.8086
vt 0.54173 0.854836
vt 0.668302 0.979382
vt 0.915266 0.107533
vt 0.860901 0.600237
vt 0.074992 0.856869
vt 0.911783 0.849881
vt 0.850077 0.906005
vt 0.013372 0.802412
vt 0.65436 0.540824
vt 0.353497 0.391264
vt 0.58307 0.177325
vt 0.674416 0.540727
vt 0.333458 0.392102
vt 0.83866 0.379375
vt 0.585234 0.157193
vt 0.818603 0.379469
vt 0.633245 0.54064
vt 0.373085 0.390179
vt 0.586474 0.137668
vt 0.799559 0.379001
vt 0.696262 0.947549
vt 0.8839 0.136168
vt 0.833746 0.566364
vt 0.511014 0.825757
vt 0.611573 0.539794
vt 0.392956 0.388817
vt 0.586604 0.118721
vt 0.780419 0.377453
vt 0.590863 0.538753
vt 0.412166 0.387765
vt 0.586679 0.099484
vt 0.760716 0.375816
vt 0.035065 0.831789
vt 0.041982 0.838164
vt 0.889712 0.879791
vt 0.882024 0.88668
vt 0.027038 0.826579
vt 0.047864 0.845713
vt 0.571876 0.536051
vt 0.431241 0.385777
vt 0.585222 0.079805
vt 0.741509 0.37265
vt 0.897827 0.874542
vt 0.876004 0.894368
vt 0.078527 0.869012
vt 0.935362 0.073816
vt 0.561044 0.888874
vt 0.846604 0.918288
vt 0.000833 0.800671
vt 0.634887 0.999258
vt 0.894343 0.621665
vt 0.924389 0.847854
vt 0.544924 0.872613
vt 0.650744 0.982915
vt 0.918823 0.089793
vt 0.878569 0.604572
vt 0.679945 0.954985
vt 0.890974 0.119479
vt 0.849582 0.574767
vt 0.517645 0.842201
vt 0.552406 0.533549
vt 0.450495 0.384614
vt 0.584345 0.060512
vt 0.722554 0.369948
vt 0.018671 0.822532
vt 0.052707 0.853646
vt 0.906298 0.8705
vt 0.871136 0.902519
vt 0.53302 0.529268
vt 0.469361 0.382517
vt 0.582515 0.04162
vt 0.702905 0.365761
vt 0.0562 0.862459
vt 0.867894 0.911543
vt 0.91555 0.86803
vt 0.009503 0.820079
vt 0.663006 0.961873
vt 0.897727 0.102275
vt 0.513769 0.52471
vt 0.487929 0.380603
vt 0.835267 0.173762
vt 0.580868 0.023026
vt 0.683637 0.361547
vt 0.866713 0.582907
vt 0.524115 0.859767
vt 0.633038 0.986794
vt 0.548449 0.890526
vt 0.896469 0.609139
vt 0.922743 0.071887
vt 0.495252 0.520351
vt 0.716313 0.907055
vt 0.505918 0.378903
vt 0.844559 0.157523
vt 0.579436 0.005014
vt 0.81444 0.525103
vt 0.473488 0.802011
vt 0.664967 0.357103
vt 0.055231 0.871605
vt 0.93578 0.054702
vt 0.561044 0.907965
vt 0.866309 0.920223
vt 0.000734 0.81964
vt 0.61594 0.999619
vt 0.913498 0.622441
vt 0.924415 0.867525
vt 0.646392 0.968798
vt 0.904639 0.085444
vt 0.700788 0.916534
vt 0.853416 0.14141
vt 0.829952 0.53585
vt 0.481624 0.819073
vt 0.883284 0.590515
vt 0.530661 0.876685
vt 0.023311 0.845632
vt 0.028419 0.850498
vt 0.901306 0.893822
vt 0.895029 0.899414
vt 0.018275 0.84238
vt 0.031785 0.855466
vt 0.906429 0.890595
vt 0.891216 0.90438
vt 0.685585 0.925901
vt 0.86232 0.12571
vt 0.8449 0.546036
vt 0.489829 0.835195
vt 0.012842 0.839525
vt 0.03478 0.860822
vt 0.911951 0.887782
vt 0.887748 0.909815
vt 0.92691 0.054124
vt 0.91418 0.613657
vt 0.55221 0.908339
vt 0.615412 0.990873
vt 0.629569 0.9752
vt 0.911053 0.068418
vt 0.670026 0.935754
vt 0.871816 0.109699
vt 0.859985 0.556377
vt 0.498569 0.851294
vt 0.900133 0.597525
vt 0.536709 0.893787
vt 0.036582 0.866602
vt 0.917864 0.886195
vt 0.88563 0.915542
vt 0.007016 0.83791
vt 0.65488 0.945409
vt 0.881273 0.094201
vt 0.875208 0.566884
vt 0.507648 0.867377
vt 0.037147 0.872873
vt 0.936043 0.036663
vt 0.560944 0.925959
vt 0.884699 0.921866
vt 0.000734 0.837517
vt 0.598111 0.999863
vt 0.924235 0.88588
vt 0.931521 0.622975
vt 0.612848 0.981762
vt 0.91769 0.051519
vt 0.640006 0.954987
vt 0.890779 0.079054
vt 0.889979 0.576919
vt 0.516759 0.882724
vt 0.916891 0.604502
vt 0.542985 0.910767
vt 0.554627 0.92629
vt 0.597652 0.993602
vt 0.929668 0.036164
vt 0.93209 0.616664
vt 0.634758 0.504582
vt 0.371391 0.35415
vt 0.654364 0.50419
vt 0.351788 0.354671
vt 0.54646 0.176016
vt 0.674416 0.503788
vt 0.331749 0.355508
vt 0.83866 0.342741
vt 0.548611 0.156339
vt 0.819176 0.34284
vt 0.550408 0.137157
vt 0.800135 0.342936
vt 0.613916 0.504433
vt 0.391395 0.353443
vt 0.551199 0.118209
vt 0.781073 0.342051
vt 0.624111 0.963987
vt 0.899753 0.062918
vt 0.593736 0.50403
vt 0.410601 0.352958
vt 0.551839 0.099007
vt 0.761661 0.340986
vt 0.905819 0.586362
vt 0.525334 0.899042
vt 0.012248 0.859564
vt 0.014773 0.862026
vt 0.912328 0.908037
vt 0.908265 0.911594
vt 0.009736 0.857927
vt 0.016472 0.864496
vt 0.574505 0.502532
vt 0.429875 0.352184
vt 0.551597 0.079654
vt 0.742653 0.339048
vt 0.914889 0.906423
vt 0.906195 0.914267
vt 0.555091 0.501171
vt 0.449097 0.352154
vt 0.551869 0.061451
vt 0.724169 0.337499
vt 0.006817 0.8567
vt 0.017766 0.867385
vt 0.917858 0.905237
vt 0.90452 0.917415
vt 0.595949 0.987789
vt 0.923788 0.034496
vt 0.535592 0.498673
vt 0.468196 0.351835
vt 0.551612 0.042351
vt 0.704797 0.335117
vt 0.933846 0.610843
vt 0.548738 0.927899
vt 0.516609 0.496412
vt 0.486647 0.352192
vt 0.551912 0.023898
vt 0.686089 0.333214
vt 0.921092 0.906824
vt 0.003921 0.856318
vt 0.018215 0.870315
vt 0.903874 0.920331
vt 0.60867 0.973477
vt 0.909307 0.047326
vt 0.92122 0.596215
vt 0.534554 0.914809
vt 0.498514 0.493805
vt 0.700454 0.884713
vt 0.504524 0.352194
vt 0.820318 0.140779
vt 0.551616 0.006024
vt 0.831403 0.503324
vt 0.449868 0.81631
vt 0.668015 0.330533
vt 0.000948 0.85594
vt 0.579719 0.999968
vt 0.560693 0.944475
vt 0.903268 0.923194
vt 0.018663 0.873295
vt 0.936005 0.018021
vt 0.924175 0.906953
vt 0.950058 0.623281
vt 0.68622 0.896235
vt 0.831803 0.126263
vt 0.845391 0.515966
vt 0.460317 0.832491
vt 0.6723 0.907649
vt 0.843201 0.11208
vt 0.858878 0.528092
vt 0.470781 0.847634
vt 0.579297 0.996996
vt 0.557695 0.944849
vt 0.658018 0.919554
vt 0.855107 0.097539
vt 0.872553 0.540412
vt 0.481748 0.862699
vt 0.95051 0.620271
vt 0.93298 0.017607
vt 0.593037 0.9824
vt 0.918327 0.031577
vt 0.936847 0.605449
vt 0.543257 0.93074
vt 0.644493 0.930897
vt 0.866464 0.083777
vt 0.886006 0.552503
vt 0.492694 0.877371
vt 0.578871 0.994079
vt 0.930069 0.017205
vt 0.630878 0.942539
vt 0.878126 0.069925
vt 0.899431 0.564568
vt 0.503965 0.891573
vt 0.950969 0.617387
vt 0.554759 0.945224
vt 0.61665 0.954023
vt 0.889654 0.055418
vt 0.913508 0.576453
vt 0.51513 0.906339
vt 0.577621 0.991177
vt 0.927138 0.015934
vt 0.60327 0.965598
vt 0.901328 0.041895
vt 0.926777 0.588357
vt 0.526496 0.920076
vt 0.952269 0.61448
vt 0.551833 0.946427
vt 0.589713 0.977424
vt 0.913293 0.028221
vt 0.940257 0.600477
vt 0.538175 0.933985
vt 0.575958 0.988689
vt 0.924622 0.014255
vt 0.953977 0.611995
vt 0.549297 0.948058
vt 0.31804 0.991275
vt 0.560475 0.962206
vt 0.921032 0.924415
vt 0.967727 0.623544
vt 0.001069 0.873543
vt 0.562146 0.999996
vt 0.786895 0.796051
vt 0.936043 0.000269
vt 0.573469 0.9862
vt 0.922102 0.011742
vt 0.956515 0.609518
vt 0.546743 0.950521
vt 0.584733 0.972445
vt 0.908244 0.023202
vt 0.945335 0.595522
vt 0.533029 0.938869
vt 0.570982 0.984536
vt 0.920417 0.009231
vt 0.596647 0.958943
vt 0.894599 0.035205
vt 0.933548 0.58175
vt 0.519623 0.926578
vt 0.959042 0.607874
vt 0.545021 0.952996
vt 0.608393 0.945684
vt 0.881197 0.047101
vt 0.921971 0.568194
vt 0.506538 0.914467
vt 0.568082 0.98328
vt 0.919144 0.006301
vt 0.620182 0.931661
vt 0.867062 0.059176
vt 0.910433 0.553832
vt 0.492715 0.902054
vt 0.961979 0.606643
vt 0.543703 0.955896
vt 0.632179 0.918316
vt 0.853632 0.071449
vt 0.8987 0.540115
vt 0.479642 0.889386
vt 0.579758 0.96912
vt 0.90487 0.018181
vt 0.950389 0.592233
vt 0.529513 0.943761
vt 0.644137 0.905225
vt 0.840443 0.083466
vt 0.88694 0.526371
vt 0.466769 0.87611
vt 0.918721 0.003359
vt 0.543239 0.958829
vt 0.964927 0.606254
vt 0.565165 0.982858
vt 0.656873 0.891551
vt 0.826599 0.096177
vt 0.874958 0.512401
vt 0.453871 0.862432
vt 0.669254 0.87836
vt 0.813184 0.108468
vt 0.863164 0.498623
vt 0.441409 0.848596
vt 0.76941 0.796303
vt 0.918303 0.000373
vt 0.300462 0.991008
vt 0.967891 0.605866
vt 0.318204 0.973657
vt 0.542758 0.961843
vt 0.562146 0.982433
vt 0.795055 0.770183
vt 0.499823 0.467488
vt 0.681977 0.865036
vt 0.505949 0.325883
vt 0.799564 0.121003
vt 0.523329 0.004645
vt 0.850867 0.484329
vt 0.42886 0.83359
vt 0.669455 0.304223
vt 0.588794 0.953506
vt 0.889099 0.02727
vt 0.941592 0.576373
vt 0.513916 0.934331
vt 0.769759 0.793476
vt 0.300923 0.988017
vt 0.315249 0.974034
vt 0.792191 0.771055
vt 0.517697 0.467792
vt 0.488091 0.323588
vt 0.522123 0.02248
vt 0.687329 0.3046
vt 0.574354 0.966195
vt 0.901907 0.012743
vt 0.53643 0.468898
vt 0.469697 0.322087
vt 0.521233 0.040913
vt 0.705769 0.305345
vt 0.955855 0.589366
vt 0.526603 0.949263
vt 0.789378 0.771922
vt 0.770198 0.79038
vt 0.301378 0.985104
vt 0.312324 0.974419
vt 0.555764 0.4691
vt 0.450487 0.320106
vt 0.519625 0.059948
vt 0.724869 0.305429
vt 0.781902 0.77624
vt 0.77159 0.787108
vt 0.575111 0.469315
vt 0.431316 0.318702
vt 0.518409 0.078111
vt 0.74307 0.305827
vt 0.30267 0.982213
vt 0.309405 0.975643
vt 0.77769 0.779511
vt 0.773942 0.783519
vt 0.304368 0.979742
vt 0.306892 0.977279
vt 0.598502 0.938127
vt 0.873556 0.037102
vt 0.594385 0.468521
vt 0.412128 0.316729
vt 0.516395 0.096766
vt 0.76183 0.305471
vt 0.932211 0.560705
vt 0.498685 0.92425
vt 0.614009 0.467757
vt 0.392965 0.315348
vt 0.514612 0.115897
vt 0.781042 0.30539
vt 0.634002 0.466784
vt 0.372998 0.313951
vt 0.653596 0.465998
vt 0.353404 0.313169
vt 0.508772 0.173026
vt 0.673621 0.464881
vt 0.333363 0.312388
vt 0.838465 0.304631
vt 0.5109 0.153658
vt 0.818985 0.305034
vt 0.512682 0.134701
vt 0.799943 0.305131
vt 0.568485 0.964511
vt 0.524801 0.955126
vt 0.961715 0.587722
vt 0.900173 0.006878
vt 0.580332 0.949288
vt 0.884848 0.018911
vt 0.607879 0.922338
vt 0.857571 0.046785
vt 0.923324 0.544588
vt 0.482986 0.914193
vt 0.949991 0.572266
vt 0.509411 0.942525
vt 0.751072 0.796509
vt 0.899688 0.000567
vt 0.282025 0.990751
vt 0.96802 0.587321
vt 0.562199 0.96405
vt 0.792166 0.752132
vt 0.318313 0.955194
vt 0.524194 0.961467
vt 0.617879 0.907639
vt 0.842719 0.057076
vt 0.913832 0.529499
vt 0.468454 0.903468
vt 0.282577 0.984466
vt 0.751447 0.790267
vt 0.786051 0.753512
vt 0.312059 0.9556
vt 0.586841 0.932547
vt 0.867951 0.025844
vt 0.628292 0.89275
vt 0.827643 0.067602
vt 0.904078 0.513903
vt 0.453595 0.891584
vt 0.943585 0.555339
vt 0.492807 0.935315
vt 0.571208 0.94675
vt 0.95921 0.5698
vt 0.506489 0.951616
vt 0.882219 0.009706
vt 0.780586 0.756063
vt 0.753089 0.784366
vt 0.284342 0.978598
vt 0.306233 0.957239
vt 0.639151 0.877569
vt 0.812338 0.078199
vt 0.894486 0.498409
vt 0.439034 0.879679
vt 0.771997 0.7616
vt 0.756079 0.77863
vt 0.287333 0.973235
vt 0.300798 0.960091
vt 0.765502 0.766657
vt 0.759781 0.772876
vt 0.290723 0.96829
vt 0.295772 0.963362
vt 0.593131 0.915682
vt 0.850887 0.03311
vt 0.649673 0.862841
vt 0.797377 0.088295
vt 0.885162 0.483021
vt 0.424804 0.867524
vt 0.937342 0.53831
vt 0.475984 0.927636
vt 0.264171 0.990284
vt 0.96802 0.569375
vt 0.562472 0.9462
vt 0.789241 0.734578
vt 0.318313 0.937347
vt 0.505699 0.960415
vt 0.733286 0.796509
vt 0.881651 0.000854
vt 0.498881 0.44076
vt 0.660582 0.847923
vt 0.510136 0.299468
vt 0.782102 0.098529
vt 0.496776 0.001449
vt 0.875464 0.466993
vt 0.410321 0.854052
vt 0.668625 0.277491
vt 0.488933 0.946862
vt 0.575283 0.92916
vt 0.9553 0.552003
vt 0.864369 0.014141
vt 0.599912 0.899007
vt 0.834118 0.04102
vt 0.516895 0.439363
vt 0.669676 0.831801
vt 0.492227 0.295451
vt 0.493864 0.019281
vt 0.686645 0.276169
vt 0.930566 0.521487
vt 0.459524 0.919258
vt 0.733716 0.78779
vt 0.780694 0.736426
vt 0.264814 0.981538
vt 0.30956 0.937778
vt 0.535527 0.438208
vt 0.473944 0.291679
vt 0.490701 0.037678
vt 0.70525 0.274647
vt 0.772098 0.740338
vt 0.736168 0.778627
vt 0.267473 0.97241
vt 0.300398 0.940236
vt 0.554443 0.436638
vt 0.45488 0.28791
vt 0.487335 0.056358
vt 0.724155 0.272948
vt 0.606524 0.88196
vt 0.817035 0.049231
vt 0.923704 0.504075
vt 0.442511 0.909577
vt 0.57912 0.911427
vt 0.846241 0.01895
vt 0.47094 0.941589
vt 0.951655 0.534107
vt 0.245233 0.989739
vt 0.967887 0.550306
vt 0.562819 0.927269
vt 0.786012 0.715946
vt 0.318195 0.918377
vt 0.486604 0.959361
vt 0.713593 0.796263
vt 0.862412 0.001524
vt 0.761637 0.746959
vt 0.740295 0.770116
vt 0.57371 0.435722
vt 0.435083 0.285292
vt 0.484985 0.074482
vt 0.742416 0.272213
vt 0.271793 0.964055
vt 0.292048 0.944321
vt 0.752765 0.754044
vt 0.745792 0.761667
vt 0.277317 0.95624
vt 0.284049 0.949669
vt 0.592784 0.433715
vt 0.416199 0.281946
vt 0.481772 0.092854
vt 0.760999 0.270639
vt 0.611978 0.432407
vt 0.397113 0.279523
vt 0.479424 0.111948
vt 0.780226 0.269992
vt 0.613449 0.865418
vt 0.800744 0.058034
vt 0.91656 0.487851
vt 0.42696 0.899479
vt 0.631799 0.43046
vt 0.37739 0.276754
vt 0.47685 0.130569
vt 0.799003 0.269075
vt 0.651323 0.428537
vt 0.357926 0.274292
vt 0.472379 0.168843
vt 0.671282 0.426559
vt 0.337992 0.272072
vt 0.837521 0.268011
vt 0.474506 0.149475
vt 0.818041 0.268414
vt 0.247235 0.977283
vt 0.305681 0.920081
vt 0.774021 0.719709
vt 0.716143 0.783966
vt 0.453231 0.936413
vt 0.582585 0.89388
vt 0.948299 0.516372
vt 0.828259 0.023605
vt 0.619657 0.848482
vt 0.784342 0.065999
vt 0.909879 0.470947
vt 0.410871 0.889025
vt 0.56335 0.909412
vt 0.782761 0.69835
vt 0.317857 0.90045
vt 0.468132 0.957366
vt 0.694315 0.795539
vt 0.843891 0.003002
vt 0.227344 0.989082
vt 0.967574 0.53226
vt 0.763129 0.724851
vt 0.7194 0.772371
vt 0.250776 0.965693
vt 0.294027 0.923404
vt 0.49569 0.413437
vt 0.625747 0.831738
vt 0.768216 0.074015
vt 0.902927 0.453948
vt 0.395014 0.877122
vt 0.66652 0.245245
vt 0.750656 0.732623
vt 0.724652 0.76109
vt 0.256476 0.954258
vt 0.282717 0.928742
vt 0.586203 0.876294
vt 0.94461 0.498375
vt 0.43502 0.929427
vt 0.810125 0.029043
vt 0.740326 0.741552
vt 0.732005 0.750683
vt 0.264121 0.944405
vt 0.272535 0.936191
vt 0.513637 0.410377
vt 0.632056 0.814189
vt 0.499542 0.267215
vt 0.751362 0.082456
vt 0.465237 0.013685
vt 0.895741 0.436585
vt 0.378572 0.868019
vt 0.684596 0.243089
vt 0.697711 0.780088
vt 0.767582 0.702849
vt 0.229513 0.973283
vt 0.302035 0.902294
vt 0.563928 0.891343
vt 0.779401 0.680512
vt 0.317485 0.882315
vt 0.44951 0.955037
vt 0.674435 0.79441
vt 0.825075 0.00479
vt 0.20921 0.988345
vt 0.967217 0.514011
vt 0.532085 0.40742
vt 0.481695 0.261685
vt 0.460237 0.032047
vt 0.703168 0.241047
vt 0.791854 0.035217
vt 0.417537 0.92196
vt 0.590012 0.858488
vt 0.940772 0.480777
vt 0.754365 0.709203
vt 0.702528 0.766285
vt 0.233947 0.959209
vt 0.287816 0.906472
vt 0.550776 0.404596
vt 0.462561 0.256568
vt 0.455588 0.050671
vt 0.721976 0.239151
vt 0.774378 0.041359
vt 0.936651 0.463201
vt 0.593896 0.841012
vt 0.400212 0.913298
vt 0.740121 0.717782
vt 0.70857 0.752571
vt 0.569883 0.401334
vt 0.442458 0.251434
vt 0.450871 0.068686
vt 0.74021 0.236881
vt 0.240723 0.94487
vt 0.273877 0.912716
vt 0.65472 0.792668
vt 0.805869 0.007386
vt 0.190751 0.987345
vt 0.966567 0.495433
vt 0.56464 0.873205
vt 0.775779 0.66266
vt 0.316904 0.863848
vt 0.430035 0.950822
vt 0.761483 0.686078
vt 0.678983 0.776243
vt 0.298719 0.884654
vt 0.211956 0.969661
vt 0.727857 0.72827
vt 0.717397 0.739796
vt 0.250121 0.932587
vt 0.26106 0.921909
vt 0.588968 0.398779
vt 0.422465 0.247366
vt 0.447096 0.087146
vt 0.758871 0.235291
vt 0.607975 0.396215
vt 0.403687 0.243469
vt 0.443503 0.105985
vt 0.777979 0.233648
vt 0.382438 0.903414
vt 0.597103 0.823334
vt 0.932951 0.44509
vt 0.757052 0.046759
vt 0.627759 0.393181
vt 0.384163 0.239057
vt 0.439584 0.124477
vt 0.797324 0.231615
vt 0.647283 0.391259
vt 0.364821 0.235778
vt 0.436701 0.143308
vt 0.816362 0.230955
vt 0.433209 0.162485
vt 0.667189 0.38874
vt 0.345137 0.231889
vt 0.835945 0.230003
vt 0.745148 0.693818
vt 0.685262 0.759354
vt 0.217313 0.952238
vt 0.281076 0.889743
vt 0.172735 0.986314
vt 0.965842 0.4773
vt 0.63522 0.790276
vt 0.786242 0.01079
vt 0.565559 0.854882
vt 0.771846 0.644721
vt 0.316237 0.84578
vt 0.411231 0.946096
vt 0.660186 0.77171
vt 0.365184 0.896277
vt 0.680845 0.210285
vt 0.510172 0.238848
vt 0.739348 0.052931
vt 0.435899 0.006118
vt 0.92863 0.426906
vt 0.755129 0.66935
vt 0.194063 0.965781
vt 0.295039 0.866741
vt 0.507968 0.379189
vt 0.600868 0.805174
vt 0.729175 0.703965
vt 0.693481 0.743456
vt 0.226034 0.934893
vt 0.264437 0.897713
vt 0.715257 0.715627
vt 0.703411 0.728705
vt 0.236769 0.920592
vt 0.24939 0.908272
vt 0.428822 0.024311
vt 0.347183 0.889568
vt 0.699195 0.207197
vt 0.526081 0.374918
vt 0.604454 0.786449
vt 0.493119 0.231406
vt 0.154683 0.985143
vt 0.965004 0.459129
vt 0.56656 0.836854
vt 0.767805 0.627122
vt 0.616407 0.78756
vt 0.767331 0.01426
vt 0.315395 0.827705
vt 0.392462 0.94008
vt 0.736039 0.67804
vt 0.667482 0.75215
vt 0.200032 0.94533
vt 0.27425 0.87243
vt 0.176598 0.961851
vt 0.641618 0.766536
vt 0.748456 0.652492
vt 0.544713 0.370749
vt 0.422319 0.04302
vt 0.473906 0.224306
vt 0.291209 0.849244
vt 0.718067 0.204241
vt 0.314271 0.809712
vt 0.373716 0.932014
vt 0.136717 0.983728
vt 0.963899 0.441039
vt 0.567707 0.819283
vt 0.763577 0.610094
vt 0.59918 0.784355
vt 0.749395 0.017754
vt 0.718217 0.689814
vt 0.677729 0.733976
vt 0.210895 0.924448
vt 0.254735 0.882206
vt 0.563635 0.366987
vt 0.736186 0.201854
vt 0.416797 0.061031
vt 0.453209 0.218143
vt 0.702954 0.703057
vt 0.689614 0.717796
vt 0.223389 0.90857
vt 0.237694 0.894606
vt 0.432685 0.211787
vt 0.411028 0.079137
vt 0.75459 0.198568
vt 0.582301 0.362402
vt 0.726685 0.662815
vt 0.650492 0.74417
vt 0.183869 0.938293
vt 0.267144 0.856296
vt 0.159121 0.957783
vt 0.287099 0.831776
vt 0.74169 0.635971
vt 0.623748 0.761005
vt 0.313085 0.791315
vt 0.355599 0.927219
vt 0.674744 0.178068
vt 0.000578 0.038856
vt 0.118326 0.982241
vt 0.962713 0.422523
vt 0.569001 0.800907
vt 0.758901 0.592144
vt 0.581115 0.780774
vt 0.731099 0.021319
vt 0.60147 0.358832
vt 0.774698 0.19584
vt 0.406376 0.097946
vt 0.41232 0.206469
vt 0.393001 0.201658
vt 0.402186 0.116569
vt 0.794704 0.193447
vt 0.621288 0.355463
vt 0.640968 0.352264
vt 0.374058 0.19652
vt 0.393875 0.154193
vt 0.661308 0.35018
vt 0.354472 0.192202
vt 0.833437 0.191078
vt 0.397616 0.135072
vt 0.813685 0.191542
vt 0.707141 0.675185
vt 0.661537 0.724107
vt 0.195892 0.914166
vt 0.245195 0.866798
vt 0.002343 0.306586
vt 0.311644 0.772054
vt 0.693017 0.173567
vt 0.048828 0.415193
vt 0.517462 0.342291
vt 0.570521 0.781718
vt 0.753906 0.573628
vt 0.018073 0.031947
vt 0.396793 0.014666
vt 0.961257 0.403161
vt 0.329234 0.429988
vt 0.508038 0.201464
vt 0.562302 0.776946
vt 0.712022 0.025236
vt 0.141056 0.954315
vt 0.73544 0.619213
vt 0.606655 0.755739
vt 0.283418 0.81377
vt 0.690031 0.689784
vt 0.674888 0.706026
vt 0.209791 0.896322
vt 0.225778 0.880716
vt 0.71797 0.647096
vt 0.633454 0.73667
vt 0.166974 0.931872
vt 0.260498 0.83949
vt 0.041248 0.43267
vt 0.535387 0.336593
vt 0.020441 0.315716
vt 0.711316 0.169223
vt 0.336622 0.451047
vt 0.489538 0.192408
vt 0.035617 0.025081
vt 0.388386 0.03287
vt 0.696668 0.660802
vt 0.645902 0.714609
vt 0.181026 0.90404
vt 0.235921 0.851498
vt 0.000265 0.269203
vt 0.279109 0.795694
vt 0.01076 0.069364
vt 0.122914 0.950355
vt 0.086189 0.40869
vt 0.728448 0.602112
vt 0.290194 0.41622
vt 0.589171 0.749759
vt 0.033831 0.450737
vt 0.554338 0.33071
vt 0.039119 0.324306
vt 0.729213 0.165038
vt 0.342825 0.471686
vt 0.468464 0.183659
vt 0.053199 0.018841
vt 0.38079 0.050581
vt 0.709396 0.63155
vt 0.257202 0.403767
vt 0.617438 0.729014
vt 0.000265 0.102734
vt 0.149875 0.925455
vt 0.253582 0.822586
vt 0.677505 0.676693
vt 0.660654 0.694555
vt 0.196377 0.884264
vt 0.214048 0.867015
vt 0.058883 0.332489
vt 0.74922 0.16064
vt 0.026778 0.468962
vt 0.57309 0.325211
vt 0.072075 0.013274
vt 0.374105 0.068797
vt 0.347379 0.490687
vt 0.446282 0.175853
vt 0.017307 0.276674
vt 0.080346 0.426355
vt 0.028485 0.063712
vt 0.104199 0.946568
vt 0.296615 0.437254
vt 0.571082 0.743951
vt 0.02007 0.487287
vt 0.592027 0.320477
vt 0.077842 0.340048
vt 0.770459 0.156566
vt 0.091884 0.008648
vt 0.368361 0.087207
vt 0.349788 0.51086
vt 0.425153 0.169013
vt 0.147655 0.404811
vt 0.686166 0.64603
vt 0.229446 0.407266
vt 0.630545 0.704983
vt 0.004821 0.129162
vt 0.165599 0.893354
vt 0.000432 0.208589
vt 0.226275 0.835561
vt 0.013388 0.506023
vt 0.611924 0.316262
vt 0.09532 0.346898
vt 0.791113 0.153293
vt 0.111542 0.004925
vt 0.363144 0.106511
vt 0.350289 0.532877
vt 0.403609 0.162766
vt 0.115411 0.416677
vt 0.700462 0.615259
vt 0.260434 0.421683
vt 0.600653 0.721042
vt 0.018439 0.098662
vt 0.132363 0.918938
vt 0.010956 0.240863
vt 0.246435 0.805321
vt 0.006988 0.524623
vt 0.632077 0.312992
vt 0.348117 0.556093
vt 0.384666 0.157446
vt 0.132221 0.002326
vt 0.358418 0.125867
vt 0.113187 0.353666
vt 0.810128 0.151435
vt 0.000559 0.54363
vt 0.153726 0.000657
vt 0.35389 0.144826
vt 0.652925 0.310347
vt 0.131456 0.360464
vt 0.343624 0.580777
vt 0.365322 0.152118
vt 0.830015 0.150516
vt 0.17572 0.408395
vt 0.665063 0.663347
vt 0.202528 0.409216
vt 0.646606 0.68291
vt 0.006157 0.155874
vt 0.182465 0.871695
vt 0.004676 0.182182
vt 0.201818 0.852804
vt 0.074598 0.444553
vt 0.047113 0.058576
vt 0.302086 0.458555
vt 0.036175 0.283891
vt 0.145373 0.422736
vt 0.231517 0.425217
vt 0.615098 0.694907
vt 0.022814 0.1275
vt 0.018332 0.212643
vt 0.11154 0.434956
vt 0.264715 0.442389
vt 0.03676 0.094995
vt 0.028792 0.246432
vt 0.06922 0.46308
vt 0.306103 0.479181
vt 0.054652 0.290098
vt 0.065214 0.05434
vt 0.174392 0.426223
vt 0.203139 0.427083
vt 0.024035 0.155914
vt 0.02253 0.184515
vt 0.063082 0.481292
vt 0.073127 0.29689
vt 0.08385 0.049755
vt 0.309759 0.498053
vt 0.107553 0.453433
vt 0.268259 0.463148
vt 0.055472 0.091677
vt 0.047619 0.251683
vt 0.142605 0.441196
vt 0.233857 0.445078
vt 0.041387 0.125627
vt 0.036607 0.216454
vt 0.310982 0.518282
vt 0.103667 0.046353
vt 0.057522 0.499854
vt 0.091519 0.302999
vt 0.052074 0.519004
vt 0.109435 0.308666
vt 0.123054 0.043554
vt 0.310609 0.539989
vt 0.173389 0.44465
vt 0.203162 0.445538
vt 0.042485 0.156311
vt 0.04092 0.186055
vt 0.046321 0.537768
vt 0.308345 0.56238
vt 0.142952 0.041134
vt 0.127482 0.31479
vt 0.041351 0.557199
vt 0.163628 0.040141
vt 0.146222 0.320126
vt 0.303263 0.58607
vt 0.102904 0.472251
vt 0.271486 0.483715
vt 0.073652 0.08823
vt 0.065756 0.256976
vt 0.139405 0.459905
vt 0.236149 0.465573
vt 0.060256 0.123571
vt 0.055399 0.220377
vt 0.098717 0.491045
vt 0.273091 0.502903
vt 0.092449 0.085725
vt 0.083916 0.261555
vt 0.171674 0.463674
vt 0.203683 0.465622
vt 0.061585 0.156034
vt 0.059901 0.188202
vt 0.136836 0.479023
vt 0.236949 0.485833
vt 0.0785 0.122491
vt 0.07345 0.22324
vt 0.094212 0.509688
vt 0.273308 0.522802
vt 0.111779 0.08342
vt 0.102511 0.266249
vt 0.088968 0.529004
vt 0.272571 0.544199
vt 0.130835 0.081021
vt 0.120745 0.271233
vt 0.170182 0.483311
vt 0.20333 0.485565
vt 0.079789 0.156087
vt 0.078042 0.189725
vt 0.133195 0.497853
vt 0.238009 0.504982
vt 0.08445 0.548095
vt 0.269002 0.565927
vt 0.150239 0.07996
vt 0.13938 0.275192
vt 0.09705 0.120567
vt 0.091724 0.226964
vt 0.078998 0.567405
vt 0.170099 0.078607
vt 0.158329 0.279763
vt 0.264344 0.588661
vt 0.167734 0.502445
vt 0.203167 0.504854
vt 0.129897 0.516932
vt 0.236949 0.524783
vt 0.116262 0.119556
vt 0.110746 0.229842
vt 0.098538 0.155377
vt 0.096686 0.191841
vt 0.125689 0.536588
vt 0.235105 0.545706
vt 0.135017 0.118284
vt 0.129291 0.232918
vt 0.16498 0.521724
vt 0.201542 0.524399
vt 0.117747 0.154933
vt 0.115835 0.193387
vt 0.121107 0.555986
vt 0.231515 0.566801
vt 0.15404 0.117264
vt 0.148129 0.235752
vt 0.1161 0.575794
vt 0.173509 0.116493
vt 0.16744 0.238346
vt 0.226304 0.588661
vt 0.161365 0.541896
vt 0.199042 0.545007
vt 0.136639 0.154317
vt 0.134678 0.194897
vt 0.157277 0.561796
vt 0.194908 0.565431
vt 0.155675 0.153861
vt 0.153698 0.195816
vt 0.152179 0.582148
vt 0.175145 0.153089
vt 0.173161 0.196734
vt 0.189736 0.58648
vn -0.086198 0.0004 -0.996278
vn -0.086198 0.0004 -0.996278
vn 0.086198 0.0004 -0.996278
vn 0.086198 0.0004 -0.996278
vn -0.086301 -0.072701 -0.993613
vn 0.085898 -0.072298 -0.993677
vn -0.085901 0.074501 -0.993514
vn 0.086304 0.074904 -0.993449
vn -0.084804 -0.171407 -0.981544
vn 0.086402 -0.173603 -0.981018
vn -0.086297 0.182194 -0.979468
vn 0.084603 0.179907 -0.980039
vn -0.245287 -0.0003 -0.96945
vn -0.245287 -0.0003 -0.96945
vn 0.245287 0.0011 -0.96945
vn 0.245287 0.0011 -0.96945
vn -0.246599 -0.0739 -0.966296
vn 0.246192 -0.074298 -0.966369
vn -0.246199 0.0765 -0.966196
vn 0.246606 0.076102 -0.966123
vn -0.078502 -0.265105 -0.961019
vn 0.080403 -0.26301 -0.961437
vn -0.080297 0.26979 -0.959565
vn 0.078402 0.271907 -0.959124
vn -0.246306 -0.165704 -0.954922
vn 0.243101 -0.166501 -0.955604
vn -0.242695 0.174496 -0.95428
vn 0.245995 0.173697 -0.953581
vn -0.0763 -0.342801 -0.936304
vn 0.077503 -0.344614 -0.93554
vn -0.239596 -0.257196 -0.936186
vn 0.236906 -0.257006 -0.936922
vn -0.236406 0.263207 -0.935326
vn 0.239308 0.263409 -0.934531
vn -0.077301 0.350106 -0.933515
vn 0.076099 0.348297 -0.93429
vn -0.410281 0.001 -0.911958
vn -0.410281 0.001 -0.911958
vn 0.410198 0.0001 -0.911996
vn 0.410198 0.0001 -0.911996
vn -0.232804 -0.340105 -0.911115
vn 0.231603 -0.340404 -0.91131
vn -0.405001 -0.0766 -0.911102
vn 0.407687 -0.076997 -0.90987
vn -0.407604 0.079301 -0.909709
vn 0.405314 0.079303 -0.910731
vn -0.231109 0.345713 -0.909434
vn 0.232311 0.345416 -0.909241
vn -0.0698 -0.419 -0.9053
vn 0.070899 -0.417096 -0.906093
vn -0.070199 0.434996 -0.897692
vn 0.0691 0.437001 -0.896803
vn -0.400393 -0.172897 -0.899884
vn 0.405715 -0.172706 -0.897534
vn -0.405197 0.181199 -0.896093
vn 0.400719 0.181009 -0.898143
vn -0.392793 -0.261095 -0.881784
vn 0.393602 -0.259801 -0.881805
vn -0.392475 0.266383 -0.880343
vn 0.391998 0.267899 -0.880095
vn -0.222491 -0.416982 -0.881263
vn 0.219889 -0.414778 -0.882954
vn -0.217806 0.432713 -0.874826
vn 0.220398 0.434896 -0.873092
vn -0.068498 -0.493982 -0.86677
vn 0.068702 -0.495613 -0.865822
vn -0.0682 0.508097 -0.858595
vn 0.067898 0.506484 -0.859572
vn -0.384714 -0.340012 -0.85813
vn 0.385319 -0.341816 -0.857141
vn -0.384186 0.347487 -0.855368
vn 0.384012 0.345311 -0.856327
vn -0.216502 -0.492405 -0.843009
vn 0.215296 -0.495191 -0.841685
vn -0.213489 0.507874 -0.834557
vn 0.214698 0.504996 -0.835993
vn -0.370321 -0.422524 -0.827246
vn 0.375509 -0.421909 -0.825219
vn -0.371804 0.440005 -0.817409
vn 0.366725 0.44083 -0.819256
vn -0.56767 0.0001 -0.823256
vn -0.56767 0.0001 -0.823256
vn 0.567717 0.0006 -0.823224
vn 0.567717 0.0006 -0.823224
vn -0.568982 -0.066298 -0.819673
vn 0.567121 -0.073703 -0.82033
vn -0.567078 0.075797 -0.820169
vn 0.568408 0.070601 -0.819712
vn -0.062402 -0.56732 -0.821129
vn 0.062501 -0.565307 -0.82251
vn -0.062501 0.565307 -0.82251
vn 0.062402 0.567321 -0.821129
vn -0.556528 -0.163708 -0.814541
vn 0.555672 0.171792 -0.813459
vn 0.556105 -0.160801 -0.815408
vn -0.555208 0.167302 -0.814711
vn -0.54031 0.266905 -0.798014
vn 0.541213 -0.261106 -0.79932
vn -0.538797 -0.262498 -0.800495
vn 0.538474 0.266887 -0.799261
vn -0.200204 -0.569111 -0.797516
vn 0.201199 -0.566397 -0.799196
vn -0.201199 0.566397 -0.799195
vn 0.200204 0.569111 -0.797515
vn -0.355906 -0.495709 -0.792214
vn 0.356417 -0.494824 -0.792538
vn -0.353104 0.507606 -0.785909
vn 0.353215 0.508421 -0.785333
vn -0.524082 -0.343388 -0.779373
vn 0.522971 0.348481 -0.777857
vn 0.525806 -0.349004 -0.775709
vn -0.524579 0.354886 -0.773869
vn -0.064204 -0.633536 -0.771044
vn 0.061299 -0.633891 -0.770989
vn -0.061303 0.633831 -0.771038
vn 0.064204 0.633537 -0.771044
vn 0.502122 0.437219 -0.746132
vn -0.507307 -0.418706 -0.75321
vn -0.500794 0.430195 -0.751091
vn 0.505602 -0.412801 -0.757603
vn -0.340596 -0.565693 -0.75099
vn 0.338304 -0.566907 -0.75111
vn -0.338703 0.567205 -0.750706
vn 0.340899 0.565898 -0.750698
vn -0.189196 -0.642588 -0.742486
vn -0.189196 -0.642588 -0.742486
vn 0.190996 -0.642287 -0.742285
vn -0.190996 0.642287 -0.742285
vn 0.189209 0.642529 -0.742534
vn -0.481084 0.509283 -0.713575
vn -0.483476 -0.497175 -0.720464
vn 0.485299 -0.495199 -0.720599
vn 0.479485 0.510784 -0.713578
vn -0.060098 -0.706878 -0.704778
vn -0.060098 -0.706878 -0.704778
vn 0.059301 -0.708109 -0.703609
vn 0.059301 -0.708109 -0.703609
vn -0.059901 0.700215 -0.711415
vn -0.059901 0.700215 -0.711415
vn 0.060702 0.698919 -0.71262
vn 0.060702 0.698919 -0.71262
vn -0.707107 0.0006 -0.707107
vn -0.707107 0.0006 -0.707107
vn -0.707107 0.0006 -0.707107
vn -0.707107 0.0006 -0.707107
vn 0.707107 0.0006 -0.707107
vn 0.707107 0.0006 -0.707107
vn 0.707107 0.0006 -0.707107
vn 0.707107 0.0006 -0.707107
vn -0.705442 -0.071604 -0.705142
vn -0.705442 -0.071604 -0.705142
vn 0.705042 -0.070604 -0.705642
vn 0.705042 -0.070604 -0.705642
vn -0.704935 0.072704 -0.705535
vn -0.704935 0.072704 -0.705535
vn 0.705389 0.073599 -0.704989
vn 0.705389 0.073599 -0.704989
vn -0.312306 -0.646013 -0.696514
vn -0.312306 -0.646013 -0.696514
vn 0.314497 -0.645294 -0.696194
vn 0.314497 -0.645294 -0.696194
vn -0.315508 0.645316 -0.695717
vn -0.315508 0.645316 -0.695717
vn 0.313184 0.645966 -0.696163
vn 0.313184 0.645966 -0.696163
vn -0.695801 0.1595 -0.700301
vn -0.695801 0.1595 -0.700301
vn 0.696175 -0.152094 -0.701575
vn 0.696175 -0.152094 -0.701575
vn -0.701305 -0.153201 -0.696205
vn -0.701305 -0.153201 -0.696205
vn 0.699626 0.160606 -0.696225
vn 0.699626 0.160606 -0.696225
vn -0.179505 -0.707321 -0.683721
vn -0.179505 -0.707321 -0.683721
vn 0.180011 -0.710444 -0.680342
vn 0.180011 -0.710444 -0.680342
vn -0.182002 0.702608 -0.687908
vn -0.182002 0.702608 -0.687908
vn 0.1815 0.699401 -0.691301
vn 0.1815 0.699401 -0.691301
vn -0.681719 0.259307 -0.684119
vn -0.681719 0.259307 -0.684119
vn 0.682424 -0.253409 -0.685624
vn 0.682424 -0.253409 -0.685624
vn -0.686887 -0.249795 -0.682487
vn -0.686887 -0.249795 -0.682487
vn 0.684722 0.256108 -0.682322
vn 0.684722 0.256108 -0.682322
vn 0.45849 -0.567888 -0.683586
vn -0.458984 0.569781 -0.681677
vn -0.455182 -0.568877 -0.684973
vn -0.455182 -0.568877 -0.684973
vn 0.456808 0.56981 -0.683112
vn 0.456808 0.56981 -0.683112
vn -0.667098 -0.340699 -0.662498
vn -0.667098 -0.340699 -0.662498
vn 0.665704 0.345902 -0.661204
vn 0.665704 0.345902 -0.661204
vn -0.660719 0.34871 -0.664719
vn -0.660719 0.34871 -0.664719
vn 0.662027 -0.343114 -0.666328
vn 0.662027 -0.343114 -0.666328
vn -0.052701 -0.761509 -0.646008
vn 0.0542 -0.761497 -0.645898
vn -0.054997 0.753657 -0.654963
vn 0.053498 0.753669 -0.655073
vn -0.290514 -0.705133 -0.64683
vn -0.290514 -0.705133 -0.64683
vn 0.290095 -0.706989 -0.64499
vn -0.293599 0.698697 -0.652397
vn 0.294588 0.697273 -0.653474
vn 0.294588 0.697273 -0.653474
vn 0.631112 0.446908 -0.634012
vn 0.631112 0.446908 -0.634012
vn -0.637586 -0.42839 -0.640286
vn -0.637586 -0.42839 -0.640286
vn 0.640774 -0.424982 -0.639374
vn 0.640774 -0.424982 -0.639374
vn -0.634888 0.443992 -0.632288
vn -0.634888 0.443992 -0.632288
vn 0.423804 -0.643706 -0.637206
vn 0.423804 -0.643706 -0.637206
vn -0.4243 -0.6401 -0.6405
vn -0.4243 -0.6401 -0.6405
vn -0.425117 0.642226 -0.637826
vn -0.425117 0.642226 -0.637826
vn 0.427001 0.640801 -0.638001
vn 0.427001 0.640801 -0.638001
vn -0.160601 -0.758806 -0.631205
vn 0.1612 -0.757099 -0.6331
vn -0.163507 0.749131 -0.641926
vn 0.162901 0.750905 -0.640004
vn 0.614918 -0.492714 -0.615718
vn 0.614918 -0.492714 -0.615718
vn -0.617117 -0.492213 -0.613916
vn -0.617117 -0.492213 -0.613916
vn -0.609091 0.506992 -0.609891
vn -0.609091 0.506992 -0.609891
vn 0.609703 0.508403 -0.608103
vn 0.609703 0.508403 -0.608103
vn -0.265003 -0.754509 -0.600407
vn 0.266195 -0.753386 -0.601289
vn -0.269595 0.745385 -0.609688
vn 0.270198 0.746793 -0.607695
vn -0.045801 -0.803222 -0.593916
vn 0.047401 -0.80321 -0.593807
vn -0.0466 0.810702 -0.583601
vn 0.045001 0.810714 -0.58371
vn -0.385885 -0.703272 -0.597077
vn -0.395697 0.695895 -0.599295
vn 0.393406 0.69511 -0.601709
vn 0.391182 -0.705667 -0.590772
vn -0.586222 -0.562521 -0.583022
vn -0.586222 -0.562521 -0.583022
vn -0.586222 -0.562521 -0.583022
vn -0.586222 -0.562521 -0.583022
vn 0.582629 -0.566028 -0.583229
vn 0.582629 -0.566028 -0.583229
vn 0.582629 -0.566028 -0.583229
vn 0.582629 -0.566028 -0.583229
vn 0.583369 0.56687 -0.581669
vn 0.583369 0.56687 -0.581669
vn 0.583369 0.56687 -0.581669
vn -0.581637 0.566936 -0.583337
vn -0.581637 0.566936 -0.583337
vn -0.581637 0.566936 -0.583337
vn -0.146098 -0.799089 -0.583192
vn 0.144795 -0.800572 -0.58148
vn -0.1423 0.808099 -0.5716
vn 0.143607 0.806641 -0.573329
vn -0.82033 -0.073703 -0.567121
vn 0.81978 -0.065798 -0.568886
vn -0.823224 0.0006 -0.567716
vn -0.823224 0.0006 -0.567716
vn 0.823256 0.0001 -0.56767
vn 0.823256 0.0001 -0.56767
vn -0.819716 0.068901 -0.568611
vn 0.820169 0.075797 -0.567078
vn 0.814856 -0.163691 -0.55607
vn -0.813787 0.171797 -0.555191
vn -0.815032 -0.161606 -0.556422
vn 0.814689 0.166798 -0.555392
vn 0.797769 0.26689 -0.540679
vn -0.798995 -0.261098 -0.541696
vn 0.8002 -0.2638 -0.5386
vn -0.798882 0.269394 -0.537787
vn -0.543579 -0.640075 -0.542979
vn -0.543579 -0.640075 -0.542979
vn 0.541616 -0.644819 -0.539316
vn 0.541616 -0.644819 -0.539316
vn -0.542588 0.641585 -0.542187
vn -0.542588 0.641585 -0.542187
vn -0.542588 0.641585 -0.542187
vn 0.542325 0.642029 -0.541925
vn 0.542325 0.642029 -0.541925
vn 0.542325 0.642029 -0.541925
vn -0.351095 -0.75199 -0.557892
vn -0.360406 0.742512 -0.564609
vn 0.357107 0.745615 -0.562612
vn 0.356081 -0.75166 -0.55517
vn -0.241991 -0.797071 -0.55328
vn 0.242417 -0.797455 -0.552539
vn -0.237091 0.804771 -0.54418
vn 0.240007 0.804625 -0.543117
vn 0.778704 -0.343501 -0.525002
vn -0.776946 0.349821 -0.523431
vn -0.77745 -0.345778 -0.525366
vn 0.774965 0.353084 -0.524176
vn -0.039999 -0.84537 -0.532681
vn 0.039999 -0.844289 -0.534393
vn -0.04 0.844408 -0.534205
vn 0.040099 0.845485 -0.532491
vn 0.750687 0.432293 -0.499591
vn -0.757262 -0.414679 -0.504575
vn 0.752823 -0.419512 -0.507215
vn -0.746126 0.436315 -0.502917
vn -0.123007 -0.846349 -0.51823
vn 0.125303 -0.843621 -0.522113
vn -0.125199 0.843895 -0.521696
vn 0.122903 0.84662 -0.517812
vn -0.510085 -0.696279 -0.504985
vn -0.510085 -0.696279 -0.504985
vn -0.511615 0.68482 -0.518915
vn -0.511615 0.68482 -0.518915
vn 0.517318 0.686323 -0.511217
vn 0.517318 0.686323 -0.511217
vn 0.505488 -0.694883 -0.511488
vn 0.505488 -0.694883 -0.511488
vn -0.315203 0.804507 -0.503404
vn -0.316416 -0.79844 -0.512226
vn -0.714006 0.509604 -0.480104
vn 0.720379 -0.497385 -0.483386
vn 0.321509 -0.796023 -0.512815
vn 0.712601 0.5111 -0.4806
vn -0.719002 -0.497902 -0.484902
vn 0.314697 0.806393 -0.500695
vn -0.216092 -0.842368 -0.493681
vn 0.214991 -0.842064 -0.494679
vn -0.214206 0.843123 -0.493213
vn 0.216991 0.842665 -0.492779
vn -0.472285 -0.748076 -0.466185
vn -0.472285 -0.748076 -0.466185
vn -0.474295 0.738393 -0.479395
vn -0.474295 0.738393 -0.479395
vn 0.467925 -0.744739 -0.475825
vn 0.467925 -0.744739 -0.475825
vn 0.479124 0.738936 -0.473723
vn 0.479124 0.738936 -0.473723
vn -0.684814 -0.566311 -0.458609
vn 0.682515 0.568513 -0.45931
vn 0.683866 -0.569572 -0.455977
vn 0.683866 -0.569572 -0.455977
vn -0.682889 0.570491 -0.456293
vn -0.682889 0.570491 -0.456293
vn -0.036601 -0.893227 -0.448114
vn 0.035499 -0.894083 -0.446492
vn -0.036499 0.887381 -0.45959
vn 0.0377 0.886496 -0.461198
vn -0.109601 -0.89451 -0.433405
vn 0.107702 -0.895416 -0.432008
vn -0.110805 0.88884 -0.44462
vn 0.112795 0.887858 -0.446079
vn -0.640411 -0.641111 -0.422907
vn -0.640411 -0.641111 -0.422907
vn 0.284899 -0.842497 -0.457199
vn -0.281099 -0.842796 -0.458998
vn -0.284692 0.844678 -0.453288
vn 0.637283 0.642783 -0.425089
vn 0.637283 0.642783 -0.425089
vn -0.638888 0.639388 -0.427792
vn -0.638888 0.639388 -0.427792
vn 0.638128 -0.640928 -0.426619
vn 0.638128 -0.640928 -0.426619
vn 0.288297 0.84069 -0.458394
vn -0.428102 -0.798304 -0.423602
vn -0.428102 -0.798304 -0.423602
vn 0.423901 -0.799002 -0.426501
vn 0.423901 -0.799002 -0.426501
vn -0.417189 0.808078 -0.415889
vn -0.417189 0.808078 -0.415889
vn 0.415709 0.808418 -0.416709
vn 0.415709 0.808418 -0.416709
vn -0.171892 -0.89766 -0.405782
vn 0.176301 -0.897203 -0.404901
vn -0.1826 0.890702 -0.416301
vn 0.176795 0.891177 -0.417789
vn -0.911996 0.0001 -0.410198
vn -0.911996 0.0001 -0.410198
vn 0.911958 0.001 -0.410281
vn 0.911958 0.001 -0.410281
vn -0.90987 -0.076997 -0.407686
vn 0.911146 -0.076504 -0.40492
vn -0.910898 0.079 -0.404999
vn 0.909709 0.079301 -0.407604
vn -0.897534 -0.172707 -0.405715
vn 0.899905 -0.173001 -0.400302
vn -0.898348 0.18131 -0.400121
vn 0.896093 0.181199 -0.405197
vn -0.594918 -0.703821 -0.388212
vn -0.602093 0.695292 -0.392495
vn 0.599407 0.695509 -0.396205
vn 0.595973 -0.701669 -0.390483
vn -0.881691 -0.259897 -0.393796
vn 0.881727 -0.261108 -0.392912
vn -0.880015 0.268005 -0.392107
vn 0.880516 0.266205 -0.392207
vn -0.857105 -0.341702 -0.385502
vn 0.858005 -0.340002 -0.385002
vn -0.856083 0.345493 -0.384392
vn 0.855371 0.347588 -0.384087
vn -0.028501 -0.927228 -0.373411
vn 0.029499 -0.927166 -0.373487
vn -0.029499 0.927167 -0.373486
vn 0.028501 0.927228 -0.373411
vn 0.226696 -0.894084 -0.386293
vn -0.23651 0.888639 -0.392917
vn 0.236204 0.888415 -0.393607
vn -0.227001 -0.895806 -0.382103
vn -0.378304 -0.845208 -0.377504
vn -0.378304 -0.845208 -0.377504
vn 0.379408 -0.843319 -0.380609
vn 0.379408 -0.843319 -0.380609
vn -0.376715 0.845734 -0.377915
vn -0.376715 0.845734 -0.377915
vn 0.380712 0.843226 -0.379511
vn 0.380712 0.843226 -0.379511
vn -0.096202 -0.926021 -0.365008
vn 0.093898 -0.926775 -0.36369
vn -0.825699 -0.4216 -0.3748
vn 0.826893 -0.422797 -0.370797
vn -0.819121 0.440511 -0.367409
vn 0.817901 0.4396 -0.3712
vn -0.093898 0.926775 -0.36369
vn 0.096202 0.926021 -0.365008
vn -0.554608 -0.753711 -0.352605
vn 0.556505 -0.752406 -0.352403
vn 0.563019 0.743425 -0.361012
vn -0.563599 0.745399 -0.356
vn -0.792021 -0.495513 -0.356609
vn 0.791992 -0.495495 -0.356697
vn -0.78532 0.508513 -0.353109
vn 0.785355 0.508271 -0.35338
vn -0.149299 -0.926393 -0.345697
vn 0.148299 -0.926591 -0.345597
vn -0.150705 0.92683 -0.343911
vn 0.148894 0.926163 -0.346486
vn 0.501915 0.804924 -0.316509
vn 0.510416 -0.798925 -0.31811
vn -0.502892 0.804987 -0.314795
vn -0.513005 -0.796708 -0.319503
vn -0.750991 -0.566593 -0.339096
vn 0.750586 -0.565989 -0.340994
vn -0.750577 0.565883 -0.34119
vn 0.75093 0.566722 -0.339013
vn 0.313887 -0.894663 -0.317887
vn 0.313887 -0.894663 -0.317887
vn -0.309302 -0.898706 -0.310902
vn -0.309302 -0.898706 -0.310902
vn 0.3247 0.8887 -0.3237
vn 0.3247 0.8887 -0.3237
vn -0.321187 0.890163 -0.323186
vn -0.321187 0.890163 -0.323186
vn 0.1814 -0.925098 -0.333599
vn 0.184101 0.925604 -0.330701
vn -0.183195 -0.926073 -0.329891
vn -0.187298 0.925392 -0.329497
vn -0.696055 -0.645258 -0.31488
vn -0.696055 -0.645258 -0.31488
vn 0.69621 -0.645809 -0.313405
vn 0.69621 -0.645809 -0.313405
vn -0.696402 0.645701 -0.313201
vn -0.696402 0.645701 -0.313201
vn 0.695406 0.645605 -0.315602
vn 0.695406 0.645605 -0.315602
vn -0.022499 -0.950571 -0.309691
vn 0.0223 -0.950114 -0.311105
vn -0.0223 0.950114 -0.311104
vn 0.022499 0.950571 -0.30969
vn -0.460293 -0.841588 -0.282596
vn -0.457 0.8423 -0.2858
vn 0.460091 -0.840583 -0.285894
vn 0.454571 0.843246 -0.286882
vn -0.073096 -0.95095 -0.300584
vn 0.075002 -0.950319 -0.302106
vn -0.075002 0.950319 -0.302106
vn 0.073096 0.95095 -0.300584
vn -0.64577 -0.706567 -0.289387
vn 0.646678 -0.705076 -0.29099
vn 0.646678 -0.705076 -0.29099
vn -0.653293 0.697692 -0.293997
vn -0.653293 0.697692 -0.293997
vn 0.652385 0.698584 -0.293893
vn -0.1224 -0.949897 -0.287599
vn 0.117097 -0.949777 -0.290193
vn -0.118898 0.949583 -0.290095
vn 0.119296 0.94987 -0.288991
vn 0.263294 -0.927177 -0.266494
vn 0.263294 -0.927177 -0.266494
vn -0.266401 -0.927202 -0.263301
vn -0.266401 -0.927202 -0.263301
vn 0.266394 0.927178 -0.263393
vn 0.266394 0.927178 -0.263393
vn -0.263991 0.92617 -0.269291
vn -0.263991 0.92617 -0.269291
vn -0.601771 -0.753463 -0.264887
vn 0.599917 -0.754722 -0.265508
vn -0.607983 0.746379 -0.270692
vn 0.609609 0.745411 -0.269704
vn 0.396391 0.887179 -0.236194
vn -0.383394 -0.895685 -0.225296
vn 0.385184 -0.894564 -0.226691
vn -0.391918 0.88884 -0.237411
vn 0.138002 -0.949317 -0.282405
vn -0.143206 0.949137 -0.280411
vn 0.139899 0.94919 -0.281897
vn -0.139594 -0.949859 -0.279788
vn -0.966369 -0.074298 -0.246192
vn 0.966296 -0.0739 -0.246599
vn -0.96945 0.0011 -0.245287
vn -0.96945 0.0011 -0.245287
vn 0.96945 -0.0003 -0.245287
vn 0.96945 -0.0003 -0.245287
vn -0.966123 0.076102 -0.246606
vn 0.966196 0.0765 -0.246199
vn -0.955604 -0.166501 -0.243101
vn 0.954922 -0.165704 -0.246306
vn -0.953581 0.173696 -0.245995
vn 0.95428 0.174496 -0.242695
vn -0.55239 -0.797686 -0.241996
vn 0.552872 -0.796959 -0.243288
vn -0.543625 0.804637 -0.238811
vn 0.543707 0.80491 -0.237703
vn -0.936922 -0.257006 -0.236906
vn 0.936186 -0.257196 -0.239596
vn -0.934531 0.263409 -0.239308
vn 0.935326 0.263207 -0.236406
vn -0.91131 -0.340404 -0.231603
vn 0.911115 -0.340106 -0.232804
vn -0.909241 0.345416 -0.23231
vn 0.909435 0.345713 -0.231109
vn -0.021699 -0.972571 -0.231593
vn 0.020199 -0.972865 -0.230492
vn -0.020199 0.972865 -0.230492
vn 0.021699 0.972571 -0.231593
vn -0.056501 -0.97311 -0.223302
vn 0.058202 -0.973329 -0.221907
vn -0.882954 -0.414778 -0.219889
vn 0.881263 -0.416982 -0.222491
vn -0.873092 0.434896 -0.220398
vn 0.874826 0.432713 -0.217806
vn -0.058202 0.973329 -0.221907
vn 0.056501 0.97311 -0.223302
vn 0.215409 -0.952038 -0.217309
vn 0.215409 -0.952038 -0.217309
vn 0.2219 0.950799 -0.2162
vn 0.2219 0.950799 -0.2162
vn -0.215301 -0.951904 -0.218001
vn -0.215301 -0.951904 -0.218001
vn -0.215092 0.951563 -0.219691
vn -0.215092 0.951563 -0.219691
vn 0.328389 0.926269 -0.184894
vn -0.328985 -0.926058 -0.184892
vn 0.332815 -0.925942 -0.178508
vn -0.330702 0.925204 -0.186101
vn -0.494807 -0.842011 -0.214903
vn 0.494021 -0.842036 -0.216609
vn -0.492727 0.842946 -0.216012
vn 0.492891 0.843085 -0.215096
vn -0.841685 -0.495191 -0.215296
vn 0.843009 -0.492405 -0.216502
vn -0.835993 0.504996 -0.214698
vn 0.834558 0.507874 -0.213489
vn -0.084298 -0.972881 -0.215396
vn 0.081599 -0.972889 -0.216398
vn -0.084996 0.973153 -0.21389
vn 0.081196 0.972858 -0.21669
vn -0.799196 -0.566397 -0.201199
vn 0.797516 -0.569111 -0.200204
vn -0.797516 0.569111 -0.200204
vn 0.799196 0.566397 -0.201199
vn 0.086103 -0.971532 -0.220707
vn 0.087803 0.971538 -0.220009
vn -0.093996 0.972762 -0.211892
vn -0.095103 -0.971727 -0.216106
vn -0.405503 -0.897107 -0.175402
vn 0.406387 -0.897672 -0.170395
vn -0.742285 -0.642287 -0.190996
vn 0.742486 -0.642588 -0.189196
vn 0.742486 -0.642588 -0.189196
vn -0.742534 0.642529 -0.189209
vn 0.742285 0.642287 -0.190996
vn -0.417782 0.891061 -0.177392
vn 0.417382 0.890362 -0.181792
vn -0.281805 -0.948815 -0.142602
vn 0.2809 0.949099 -0.1425
vn -0.279695 0.949783 -0.140297
vn 0.28341 -0.949334 -0.135805
vn -0.680342 -0.710444 -0.180011
vn -0.680342 -0.710444 -0.180011
vn 0.683721 -0.707321 -0.179506
vn 0.683721 -0.707321 -0.179506
vn -0.691301 0.699401 -0.1815
vn -0.691301 0.699401 -0.1815
vn 0.687908 0.702608 -0.182002
vn 0.687908 0.702608 -0.182002
vn 0.154302 -0.975211 -0.158602
vn 0.154302 -0.975211 -0.158602
vn 0.160205 0.974932 -0.154405
vn 0.160205 0.974932 -0.154405
vn -0.154999 -0.975295 -0.157399
vn -0.154999 -0.975295 -0.157399
vn -0.152092 0.974951 -0.162292
vn -0.152092 0.974951 -0.162292
vn -0.343909 -0.927025 -0.149504
vn 0.346687 -0.926264 -0.147794
vn -0.6331 -0.757099 -0.1612
vn 0.631205 -0.758806 -0.160601
vn -0.640004 0.750905 -0.162901
vn 0.641926 0.74913 -0.163507
vn -0.346798 0.926094 -0.148599
vn 0.344709 0.926824 -0.148904
vn -0.0151 -0.988601 -0.1498
vn 0.014801 -0.988635 -0.149605
vn -0.014801 0.988635 -0.149605
vn 0.0151 0.988601 -0.1498
vn -0.036002 -0.988849 -0.144507
vn 0.036602 -0.988753 -0.145008
vn -0.036602 0.988753 -0.145008
vn 0.036002 0.988849 -0.144507
vn -0.58148 -0.800572 -0.144795
vn 0.583192 -0.799089 -0.146098
vn -0.573329 0.806641 -0.143607
vn 0.5716 0.808099 -0.1423
vn -0.0469 -0.988393 -0.144499
vn 0.0393 -0.98789 -0.150099
vn -0.047398 0.988267 -0.145195
vn 0.044201 0.988222 -0.146503
vn 0.221507 -0.971429 -0.085203
vn -0.216199 0.971697 -0.0952
vn 0.219601 0.971503 -0.0892
vn -0.212997 -0.972588 -0.093299
vn -0.290801 -0.949504 -0.117801
vn 0.288987 -0.949858 -0.119395
vn -0.522113 -0.843621 -0.125303
vn 0.51823 -0.846349 -0.123007
vn -0.517812 0.84662 -0.122903
vn 0.521697 0.843894 -0.125199
vn -0.288991 0.94997 -0.118496
vn 0.289212 0.949839 -0.119005
vn 0.0228 -0.98492 -0.171504
vn -0.030599 0.984883 -0.170497
vn 0.023999 0.985462 -0.168193
vn -0.032601 -0.986219 -0.162203
vn -0.432008 -0.895416 -0.107702
vn 0.433405 -0.89451 -0.109601
vn -0.446079 0.887858 -0.112795
vn 0.44462 0.888839 -0.110805
vn 0.102096 -0.990257 -0.094696
vn 0.102096 -0.990257 -0.094696
vn 0.0982 0.9902 -0.0993
vn 0.0982 0.9902 -0.0993
vn -0.097001 -0.989909 -0.103301
vn -0.097001 -0.989909 -0.103301
vn -0.096897 0.989264 -0.109396
vn -0.096897 0.989264 -0.109396
vn -0.216205 -0.972923 -0.081702
vn 0.216406 -0.972929 -0.081103
vn -0.36369 -0.926775 -0.093898
vn 0.365008 -0.926021 -0.096202
vn -0.365008 0.926021 -0.096202
vn 0.36369 0.926775 -0.093897
vn -0.216892 0.972763 -0.081797
vn 0.216207 0.97283 -0.082802
vn 0.168802 0.985312 -0.0258
vn -0.162196 -0.986173 -0.033999
vn 0.170197 -0.985182 -0.0212
vn -0.168999 0.985292 -0.0253
vn -0.981018 -0.173603 -0.086402
vn 0.981544 -0.171408 -0.084804
vn -0.993677 -0.072298 -0.085898
vn 0.993613 -0.072701 -0.086301
vn -0.996278 0.0004 -0.086198
vn -0.996278 0.0004 -0.086198
vn 0.996278 0.0004 -0.086198
vn 0.996278 0.0004 -0.086198
vn -0.993449 0.074904 -0.086304
vn 0.993514 0.074501 -0.085901
vn -0.980039 0.179907 -0.084603
vn 0.979468 0.182194 -0.086297
vn -0.961437 -0.26301 -0.080403
vn 0.961019 -0.265105 -0.078502
vn -0.959124 0.271907 -0.078402
vn 0.959565 0.26979 -0.080297
vn -0.302106 -0.950319 -0.075002
vn 0.300584 -0.95095 -0.073096
vn -0.935539 -0.344614 -0.077503
vn 0.936304 -0.342801 -0.0763
vn -0.93429 0.348296 -0.076099
vn 0.933515 0.350106 -0.077301
vn -0.300584 0.95095 -0.073096
vn 0.302106 0.950319 -0.075001
vn -0.0114 -0.993241 -0.115505
vn 0.0114 -0.993241 -0.115505
vn -0.0114 0.99323 -0.115603
vn 0.0115 0.993229 -0.115603
vn -0.0332 -0.993198 -0.1116
vn 0.032499 -0.993267 -0.111196
vn -0.906093 -0.417097 -0.070899
vn 0.9053 -0.419 -0.0698
vn -0.896803 0.437001 -0.0691
vn 0.897692 0.434996 -0.070199
vn -0.032499 0.993256 -0.111295
vn 0.0332 0.993187 -0.111698
vn -0.865822 -0.495613 -0.068702
vn 0.866769 -0.493983 -0.068498
vn -0.859572 0.506484 -0.067898
vn 0.858595 0.508097 -0.0682
vn -0.021999 -0.992865 -0.117196
vn -0.0066 -0.990453 -0.137694
vn 0.0054 0.990278 -0.138997
vn 0.0115 0.992438 -0.122205
vn -0.148392 -0.988049 -0.041698
vn 0.145596 -0.988274 -0.045999
vn -0.82251 -0.565307 -0.062501
vn 0.821129 -0.56732 -0.062402
vn -0.821129 0.56732 -0.062402
vn 0.82251 0.565307 -0.062501
vn -0.147398 0.988189 -0.041899
vn 0.148603 0.988021 -0.041601
vn -0.770989 -0.633891 -0.061299
vn 0.771044 -0.633536 -0.064204
vn -0.771044 0.633536 -0.064204
vn 0.770989 0.633891 -0.061299
vn 0.061197 0.98145 -0.181691
vn 0.037501 -0.986517 -0.159303
vn -0.0544 -0.983594 -0.171999
vn -0.052298 0.98457 -0.166995
vn -0.221907 -0.973329 -0.058202
vn 0.223302 -0.97311 -0.056501
vn -0.223302 0.97311 -0.0565
vn 0.221907 0.973329 -0.058202
vn -0.703609 -0.708109 -0.059301
vn -0.703609 -0.708109 -0.059301
vn 0.704778 -0.706878 -0.060098
vn 0.704778 -0.706878 -0.060098
vn -0.71262 0.698919 -0.060702
vn -0.71262 0.698919 -0.060702
vn 0.711415 0.700215 -0.059901
vn 0.711415 0.700215 -0.059901
vn -0.044498 -0.995849 -0.079396
vn -0.044498 -0.995849 -0.079396
vn 0.050498 0.996359 -0.068697
vn 0.050498 0.996359 -0.068697
vn 0.0775 -0.996202 -0.0397
vn 0.0775 -0.996202 -0.0397
vn -0.074504 0.996353 -0.041602
vn -0.074504 0.996353 -0.041602
vn -0.645898 -0.761497 -0.0542
vn 0.646008 -0.761509 -0.052701
vn -0.655073 0.753669 -0.053498
vn 0.654963 0.753657 -0.054997
vn -0.593807 -0.80321 -0.047401
vn 0.593916 -0.803222 -0.045801
vn -0.58371 0.810714 -0.045001
vn 0.583602 0.810702 -0.0466
vn -0.160695 -0.986369 0.035399
vn 0.171198 0.983987 0.049599
vn -0.534393 -0.844289 -0.04
vn 0.532681 -0.84537 -0.039999
vn -0.532491 0.845485 -0.040099
vn 0.534205 0.844408 -0.04
vn -0.176593 0.98196 0.067597
vn 0.169995 -0.98387 0.055698
vn -0.145008 -0.988753 -0.036602
vn 0.144507 -0.988849 -0.036002
vn -0.144507 0.988849 -0.036002
vn 0.145008 0.988753 -0.036602
vn -0.446492 -0.894083 -0.035499
vn 0.448114 -0.893227 -0.036601
vn -0.461198 0.886496 -0.0377
vn 0.45959 0.887381 -0.036499
vn -0.132104 -0.991233 -0.0025
vn 0.121205 -0.992537 -0.013401
vn -0.373487 -0.927166 -0.029499
vn 0.373411 -0.927228 -0.028501
vn -0.373411 0.927228 -0.028501
vn 0.373487 0.927166 -0.029499
vn -0.122994 0.992355 -0.010199
vn 0.132498 0.991182 -0.0018
vn -0.311105 -0.950114 -0.0223
vn 0.309691 -0.950571 -0.022499
vn -0.309691 0.950571 -0.022499
vn 0.311105 0.950114 -0.0223
vn -0.111196 -0.993267 -0.032499
vn 0.1116 -0.993198 -0.0332
vn -0.230492 -0.972865 -0.020199
vn 0.231593 -0.972571 -0.021699
vn -0.231593 0.972571 -0.021699
vn 0.230492 0.972865 -0.020199
vn -0.111797 0.993173 -0.033299
vn 0.111098 0.993278 -0.032499
vn -0.149605 -0.988635 -0.014801
vn 0.1498 -0.988601 -0.0151
vn -0.1498 0.988601 -0.0151
vn 0.149605 0.988635 -0.0148
vn -0.115604 -0.99323 -0.0114
vn 0.115505 -0.993241 -0.011401
vn -0.115801 0.993206 -0.0115
vn 0.115505 0.993241 -0.0114
vn -0.0001 1 0.0005
vn -0.0001 1 0.0005
vn -0.0001 1 0.0005
vn -0.0001 1 0.0005
vn 0 -1 -0.0007
vn 0 -1 -0.0007
vn 0 -1 -0.0007
vn 0 -1 -0.0007
vn -0.115604 -0.99323 0.0114
vn 0.115604 -0.99323 0.0114
vn -0.115801 0.993206 0.0115
vn 0.115505 0.993241 0.011401
vn -0.1498 -0.988601 0.0151
vn 0.149605 -0.988635 0.0148
vn -0.149605 0.988635 0.014801
vn 0.1498 0.988601 0.0151
vn -0.111699 -0.993187 0.033199
vn 0.111196 -0.993267 0.032499
vn -0.231593 -0.972571 0.021699
vn 0.230492 -0.972865 0.020199
vn -0.230492 0.972865 0.020199
vn 0.231593 0.972571 0.021699
vn -0.111405 0.99324 0.032601
vn 0.1116 0.993198 0.0332
vn -0.309691 -0.950571 0.022499
vn 0.311105 -0.950114 0.0223
vn -0.311105 0.950114 0.0223
vn 0.309691 0.950571 0.022499
vn -0.1216 -0.992498 0.0127
vn 0.135202 -0.990818 0.0001
vn -0.373411 -0.927228 0.028501
vn 0.373487 -0.927166 0.029499
vn -0.373487 0.927166 0.029499
vn 0.373411 0.927228 0.028501
vn -0.1368 0.990596 -0.0022
vn 0.121403 0.992521 0.0128
vn -0.448114 -0.893227 0.036601
vn 0.446492 -0.894083 0.035499
vn -0.45959 0.887381 0.036499
vn 0.461198 0.886496 0.0377
vn -0.144507 -0.988849 0.036002
vn 0.145008 -0.988753 0.036602
vn -0.145008 0.988753 0.036602
vn 0.144507 0.988849 0.036002
vn -0.532681 -0.84537 0.039998
vn 0.534393 -0.844289 0.039999
vn -0.534205 0.844408 0.04
vn 0.532491 0.845485 0.040099
vn 0.172609 -0.983849 -0.047402
vn 0.168298 0.984289 -0.053399
vn -0.168505 0.984731 -0.043701
vn -0.180601 -0.980806 -0.073501
vn -0.593916 -0.803222 0.045801
vn 0.593807 -0.80321 0.0474
vn -0.583602 0.810702 0.0466
vn 0.58371 0.810714 0.045001
vn -0.646008 -0.761509 0.052701
vn 0.645898 -0.761497 0.0542
vn -0.654963 0.753657 0.054997
vn 0.655073 0.753669 0.053498
vn 0.048698 -0.996061 0.074097
vn 0.048698 -0.996061 0.074097
vn -0.041001 0.995821 0.081602
vn -0.041001 0.995821 0.081602
vn 0.074699 0.996093 0.0471
vn 0.074699 0.996093 0.0471
vn -0.077604 -0.996345 0.035701
vn -0.077604 -0.996345 0.035701
vn -0.704778 -0.706878 0.060098
vn -0.704778 -0.706878 0.060098
vn 0.703609 -0.708109 0.059301
vn 0.703609 -0.708109 0.059301
vn -0.711415 0.700215 0.059901
vn -0.711415 0.700215 0.059901
vn 0.71262 0.698919 0.060702
vn 0.71262 0.698919 0.060702
vn -0.223302 -0.97311 0.0565
vn 0.221907 -0.973329 0.058202
vn -0.221907 0.973329 0.058202
vn 0.223302 0.97311 0.056501
vn -0.050899 -0.984677 0.166796
vn 0.045098 0.985363 0.164394
vn -0.051102 0.983346 0.174408
vn 0.070004 -0.979956 0.18651
vn -0.771044 -0.633536 0.064204
vn 0.770989 -0.633891 0.061299
vn -0.770989 0.633891 0.061299
vn 0.771044 0.633536 0.064204
vn -0.1476 -0.988197 0.041
vn 0.144603 -0.98842 0.046001
vn -0.821129 -0.56732 0.062402
vn 0.82251 -0.565307 0.062501
vn -0.82251 0.565307 0.062501
vn 0.821129 0.56732 0.062402
vn -0.145802 0.988211 0.046701
vn 0.145695 0.988264 0.045898
vn 0.0126 -0.989627 0.143104
vn 0.0145 -0.992571 0.120796
vn -0.022001 0.99284 0.117405
vn -0.0029 0.990567 0.136996
vn -0.866769 -0.493983 0.068498
vn 0.865822 -0.495613 0.068702
vn -0.858595 0.508097 0.0682
vn 0.859572 0.506484 0.067898
vn -0.032499 -0.993267 0.111196
vn 0.0332 -0.993187 0.111698
vn -0.9053 -0.419 0.0698
vn 0.906093 -0.417097 0.070899
vn -0.897692 0.434996 0.070199
vn 0.896803 0.437001 0.0691
vn -0.033199 0.993176 0.111797
vn 0.032499 0.993267 0.111196
vn -0.0114 -0.99323 0.115603
vn 0.0114 -0.99323 0.115603
vn -0.0114 0.993219 0.115702
vn 0.0115 0.993229 0.115603
vn -0.300584 -0.95095 0.073096
vn 0.302106 -0.950319 0.075001
vn -0.936304 -0.342801 0.0763
vn 0.935539 -0.344615 0.077503
vn -0.933515 0.350106 0.077301
vn 0.93429 0.348296 0.076099
vn -0.302106 0.950319 0.075002
vn 0.300584 0.95095 0.073096
vn -0.961019 -0.265105 0.078501
vn 0.961437 -0.26301 0.080403
vn -0.959565 0.26979 0.080297
vn 0.959124 0.271907 0.078402
vn -0.981544 -0.171408 0.084804
vn 0.981018 -0.173603 0.086402
vn -0.993613 -0.072701 0.086301
vn 0.993677 -0.072298 0.085898
vn -0.996278 0.0004 0.086198
vn -0.996278 0.0004 0.086198
vn 0.996278 0.0004 0.086198
vn 0.996278 0.0004 0.086198
vn -0.993514 0.074501 0.085901
vn 0.993449 0.074904 0.086304
vn -0.979468 0.182194 0.086297
vn 0.980039 0.179907 0.084603
vn -0.170495 -0.985069 0.023899
vn 0.1642 0.985898 0.0323
vn -0.164007 0.985742 0.037602
vn 0.160306 -0.986439 0.035201
vn -0.216805 -0.972722 0.082502
vn 0.217211 -0.972749 0.081104
vn -0.365008 -0.926021 0.096202
vn 0.36369 -0.926775 0.093897
vn -0.36369 0.926775 0.093898
vn 0.365008 0.926021 0.096202
vn -0.214297 0.972984 0.085899
vn 0.215799 0.972895 0.0831
vn 0.103798 -0.989679 0.098798
vn 0.103798 -0.989679 0.098798
vn -0.105603 0.989327 0.100403
vn -0.105603 0.989327 0.100403
vn -0.099196 -0.989256 0.107395
vn -0.099196 -0.989256 0.107395
vn 0.100404 0.989337 0.105504
vn 0.100404 0.989337 0.105504
vn -0.433405 -0.89451 0.109601
vn 0.432008 -0.895416 0.107702
vn -0.44462 0.888839 0.110805
vn 0.446079 0.887858 0.112795
vn -0.033099 0.986269 0.161795
vn 0.035302 -0.986043 0.162707
vn -0.0278 -0.984809 0.171401
vn 0.035099 0.98577 0.164395
vn -0.288512 -0.949939 0.119905
vn 0.289691 -0.949769 0.118396
vn -0.51823 -0.846349 0.123007
vn 0.522113 -0.843621 0.125303
vn -0.521697 0.843894 0.125199
vn 0.517812 0.84662 0.122903
vn -0.288009 0.950129 0.119604
vn 0.287807 0.949821 0.122503
vn -0.21859 -0.971356 0.093196
vn -0.210501 0.972404 0.100601
vn 0.214494 0.971675 0.099198
vn 0.214497 -0.972588 0.089799
vn -0.043998 -0.988158 0.146994
vn 0.045099 -0.988286 0.145798
vn -0.045999 0.988377 0.144897
vn 0.045598 0.988263 0.145795
vn -0.583192 -0.799089 0.146098
vn 0.58148 -0.800572 0.144795
vn -0.5716 0.808099 0.1423
vn 0.573329 0.806641 0.143607
vn -0.036602 -0.988753 0.145008
vn 0.036002 -0.988849 0.144507
vn -0.036002 0.988849 0.144507
vn 0.036602 0.988753 0.145008
vn -0.014801 -0.988635 0.149605
vn 0.0151 -0.988601 0.1498
vn -0.0151 0.988601 0.1498
vn 0.014801 0.988635 0.149605
vn -0.346203 -0.926107 0.149901
vn 0.344908 -0.926621 0.149703
vn -0.631205 -0.758806 0.160601
vn 0.6331 -0.757099 0.1612
vn -0.641926 0.74913 0.163507
vn 0.640004 0.750905 0.162901
vn -0.345987 0.926366 0.148795
vn 0.345805 0.926513 0.148302
vn -0.163905 0.974127 0.155604
vn -0.163905 0.974127 0.155604
vn -0.155797 -0.974581 0.160997
vn -0.155797 -0.974581 0.160997
vn 0.156497 0.97478 0.159097
vn 0.156497 0.97478 0.159097
vn 0.150602 -0.976415 0.154702
vn 0.150602 -0.976415 0.154702
vn -0.683721 -0.707321 0.179505
vn -0.683721 -0.707321 0.179505
vn 0.680342 -0.710444 0.180011
vn 0.680342 -0.710444 0.180011
vn -0.687908 0.702608 0.182002
vn -0.687908 0.702608 0.182002
vn 0.691301 0.699401 0.1815
vn 0.691301 0.699401 0.1815
vn 0.277496 0.950085 0.142598
vn -0.27969 -0.949367 0.143095
vn -0.272208 0.950928 0.147104
vn 0.283697 -0.948491 0.140999
vn -0.405303 -0.897606 0.173301
vn 0.404193 -0.897484 0.176497
vn -0.742486 -0.642588 0.189196
vn -0.742486 -0.642588 0.189196
vn 0.742285 -0.642287 0.190996
vn -0.742285 0.642287 0.190996
vn 0.742534 0.642529 0.189209
vn -0.415978 0.890753 0.18309
vn 0.417707 0.890814 0.178803
vn 0.089296 -0.972259 0.216191
vn -0.093399 -0.971894 0.216099
vn -0.101796 0.971759 0.212891
vn 0.096999 0.972488 0.211797
vn -0.797516 -0.569111 0.200204
vn 0.799196 -0.566397 0.201199
vn -0.799196 0.566397 0.201199
vn 0.797516 0.569111 0.200204
vn -0.083602 -0.972828 0.215906
vn 0.085002 -0.972819 0.215404
vn -0.082399 0.972889 0.216098
vn 0.083801 0.972812 0.215903
vn -0.843009 -0.492405 0.216502
vn 0.841685 -0.495191 0.215296
vn -0.834558 0.507874 0.213489
vn 0.835993 0.504996 0.214698
vn -0.493067 -0.842343 0.217585
vn 0.495193 -0.841888 0.214497
vn -0.493105 0.843009 0.214902
vn 0.4923 0.843199 0.216
vn -0.328701 -0.925104 0.190101
vn 0.330284 -0.925355 0.186091
vn 0.328609 0.925626 0.187705
vn -0.330106 0.925916 0.183603
vn -0.214811 0.952649 0.215211
vn -0.214811 0.952649 0.215211
vn -0.217397 -0.949987 0.224197
vn -0.217397 -0.949987 0.224197
vn 0.21631 0.951443 0.21901
vn 0.21631 0.951443 0.21901
vn 0.222095 -0.950777 0.216095
vn 0.222095 -0.950777 0.216095
vn -0.058202 -0.973329 0.221907
vn 0.056501 -0.97311 0.223302
vn -0.881263 -0.416982 0.22249
vn 0.882954 -0.414778 0.219888
vn -0.874826 0.432713 0.217806
vn 0.873092 0.434896 0.220398
vn -0.056501 0.97311 0.223302
vn 0.058202 0.973329 0.221907
vn -0.020199 -0.972865 0.230492
vn 0.021699 -0.972571 0.231593
vn -0.021699 0.972571 0.231593
vn 0.020199 0.972865 0.230492
vn -0.911115 -0.340106 0.232804
vn 0.91131 -0.340404 0.231602
vn -0.909435 0.345713 0.231109
vn 0.909241 0.345416 0.232311
vn -0.936186 -0.257196 0.239596
vn 0.936922 -0.257006 0.236906
vn -0.935326 0.263207 0.236406
vn 0.934531 0.263409 0.239308
vn -0.552716 -0.797123 0.243107
vn 0.552481 -0.797473 0.242492
vn -0.543707 0.80491 0.237703
vn 0.543696 0.804593 0.238798
vn -0.954922 -0.165704 0.246306
vn 0.955604 -0.166501 0.243101
vn -0.95428 0.174496 0.242695
vn 0.953581 0.173696 0.245995
vn -0.966296 -0.0739 0.246599
vn 0.966369 -0.074298 0.246192
vn -0.96945 -0.0003 0.245287
vn -0.96945 -0.0003 0.245287
vn 0.96945 0.0011 0.245287
vn 0.96945 0.0011 0.245287
vn -0.966196 0.0765 0.246199
vn 0.966123 0.076102 0.246606
vn -0.148405 0.949629 0.276009
vn 0.146294 0.949262 0.278389
vn -0.146903 -0.948721 0.279906
vn 0.136604 -0.949726 0.281708
vn 0.391303 0.889006 0.237802
vn -0.379209 -0.89552 0.232905
vn -0.398576 0.886547 0.234886
vn 0.381989 -0.895475 0.228493
vn -0.599995 -0.754593 0.265698
vn 0.601204 -0.753805 0.265202
vn -0.609508 0.74571 0.269104
vn 0.608302 0.746803 0.268801
vn -0.264992 -0.925971 0.268992
vn -0.264992 -0.925971 0.268992
vn 0.2638 0.926801 0.2673
vn 0.2638 0.926801 0.2673
vn 0.268007 -0.926224 0.265107
vn 0.268007 -0.926224 0.265107
vn -0.257698 0.930392 0.260698
vn -0.257698 0.930392 0.260698
vn -0.120399 -0.94979 0.288797
vn 0.1176 -0.9502 0.2886
vn -0.122401 0.949806 0.287902
vn 0.120102 0.949916 0.288505
vn -0.64671 -0.705411 0.290105
vn -0.64671 -0.705411 0.290105
vn 0.6461 -0.7063 0.2893
vn -0.652986 0.698485 0.292794
vn 0.653967 0.697065 0.293985
vn 0.653967 0.697065 0.293985
vn -0.075002 -0.950319 0.302106
vn 0.073096 -0.95095 0.300584
vn -0.073096 0.95095 0.300584
vn 0.075002 0.950319 0.302106
vn -0.455925 -0.843046 0.285316
vn -0.45339 0.844081 0.286294
vn 0.457004 0.843208 0.283103
vn 0.455925 -0.842945 0.285615
vn -0.0223 -0.950114 0.311104
vn 0.022499 -0.950571 0.30969
vn -0.022499 0.950571 0.309691
vn 0.0223 0.950114 0.311105
vn -0.696776 -0.646077 0.311589
vn -0.696776 -0.646077 0.311589
vn 0.69581 -0.64551 0.314905
vn 0.69581 -0.64551 0.314905
vn -0.695909 0.645208 0.315304
vn -0.695909 0.645208 0.315304
vn 0.696282 0.645883 0.313092
vn 0.696282 0.645883 0.313092
vn 0.185203 -0.924917 0.332006
vn -0.1904 -0.925998 0.325999
vn -0.181995 0.927373 0.326891
vn 0.187995 0.926175 0.326891
vn -0.311415 -0.898144 0.310415
vn -0.311415 -0.898144 0.310415
vn 0.320399 0.892098 0.318599
vn 0.320399 0.892098 0.318599
vn 0.315001 -0.896203 0.312401
vn 0.315001 -0.896203 0.312401
vn -0.327297 0.888692 0.321097
vn -0.327297 0.888692 0.321097
vn -0.751291 -0.565593 0.340096
vn 0.751188 -0.566691 0.338494
vn -0.750801 0.566901 0.339001
vn 0.750776 0.565981 0.340589
vn 0.513117 -0.795626 0.32201
vn 0.503007 0.806811 0.309904
vn -0.50999 -0.799284 0.317893
vn -0.501777 0.804863 0.316885
vn -0.1509 -0.926802 0.3439
vn 0.149697 -0.925881 0.346893
vn -0.150203 0.926318 0.345507
vn 0.149906 0.926736 0.344513
vn -0.792136 -0.495323 0.356616
vn 0.792372 -0.495183 0.356287
vn -0.785592 0.507895 0.353396
vn 0.78552 0.508413 0.352809
vn 0.552692 -0.754888 0.353094
vn -0.561593 0.745091 0.359796
vn -0.556014 -0.753419 0.351009
vn 0.565104 0.744305 0.355903
vn -0.093898 -0.926775 0.36369
vn 0.096202 -0.926021 0.365008
vn -0.826694 -0.422397 0.371697
vn 0.825571 -0.421685 0.374987
vn -0.817608 0.439804 0.371604
vn 0.819103 0.440302 0.367701
vn -0.096202 0.926021 0.365008
vn 0.093898 0.926775 0.36369
vn 0.377895 -0.844589 0.379295
vn 0.377895 -0.844589 0.379295
vn -0.384906 0.841412 0.379306
vn -0.384906 0.841412 0.379306
vn -0.376808 -0.847118 0.374708
vn -0.376808 -0.847118 0.374708
vn 0.3758 0.848099 0.3735
vn 0.3758 0.848099 0.3735
vn -0.230296 -0.896285 0.378994
vn 0.228908 -0.89553 0.381612
vn 0.235294 0.889679 0.391291
vn -0.231091 0.890166 0.392685
vn -0.029499 -0.927167 0.373486
vn 0.028501 -0.927228 0.373411
vn -0.028501 0.927228 0.373411
vn 0.029499 0.927166 0.373487
vn -0.857673 -0.340289 0.385488
vn 0.857212 -0.342105 0.384905
vn -0.855398 0.347399 0.384199
vn 0.855709 0.345403 0.385304
vn -0.881669 -0.261191 0.392986
vn 0.882171 -0.259491 0.392987
vn -0.880321 0.266406 0.392509
vn 0.879795 0.268298 0.392398
vn 0.603208 0.69381 0.393406
vn -0.595599 -0.704899 0.385199
vn -0.599696 0.696796 0.393498
vn 0.594574 -0.704569 0.387383
vn -0.899793 -0.172899 0.400597
vn 0.897534 -0.172707 0.405715
vn -0.896093 0.181199 0.405197
vn 0.898201 0.1812 0.400501
vn -0.911065 -0.076597 0.405084
vn 0.90987 -0.076997 0.407686
vn -0.909709 0.079301 0.407604
vn 0.910793 0.079199 0.405197
vn -0.911958 0.001 0.410281
vn -0.911958 0.001 0.410281
vn 0.911996 0.0001 0.410198
vn 0.911996 0.0001 0.410198
vn -0.176907 -0.897437 0.404117
vn 0.171697 -0.897783 0.405592
vn -0.175899 0.891396 0.417698
vn 0.181593 0.890963 0.416183
vn -0.416401 0.807601 0.417601
vn -0.416401 0.807601 0.417601
vn 0.424585 -0.799872 0.424185
vn 0.424585 -0.799872 0.424185
vn -0.423187 -0.799975 0.425386
vn -0.423187 -0.799975 0.425386
vn 0.417207 0.806612 0.418707
vn 0.417207 0.806612 0.418707
vn 0.287211 -0.840831 0.458817
vn 0.638615 0.641115 0.42561
vn 0.638615 0.641115 0.42561
vn 0.641308 -0.640808 0.422005
vn 0.641308 -0.640808 0.422005
vn -0.640758 0.640458 0.423372
vn -0.640758 0.640458 0.423372
vn -0.285213 -0.843138 0.45582
vn -0.288106 0.839818 0.46011
vn 0.282202 0.844106 0.455903
vn -0.640387 -0.640087 0.424491
vn -0.640387 -0.640087 0.424491
vn -0.107702 -0.895416 0.432008
vn 0.109601 -0.89451 0.433405
vn -0.112795 0.887858 0.446079
vn 0.110805 0.888839 0.44462
vn -0.035499 -0.894083 0.446492
vn 0.036601 -0.893227 0.448113
vn -0.0377 0.886496 0.461198
vn 0.036499 0.887381 0.45959
vn -0.683461 0.567567 0.459074
vn 0.683405 0.570104 0.456003
vn 0.683405 0.570104 0.456003
vn -0.685622 -0.566218 0.457515
vn -0.685622 -0.566218 0.457515
vn 0.68394 -0.567433 0.458526
vn -0.475809 0.741914 0.472409
vn -0.475809 0.741914 0.472409
vn -0.465182 -0.74927 0.471381
vn -0.465182 -0.74927 0.471381
vn 0.4698 -0.7505 0.4648
vn 0.4698 -0.7505 0.4648
vn 0.474505 0.735507 0.483605
vn 0.474505 0.735507 0.483605
vn -0.214892 -0.84197 0.494882
vn 0.216806 -0.842224 0.493614
vn -0.214401 0.842904 0.493503
vn 0.213494 0.842675 0.494286
vn -0.317816 0.80384 0.502825
vn 0.319207 -0.798618 0.510212
vn -0.32129 -0.795874 0.513183
vn -0.720286 -0.494091 0.486891
vn -0.712581 0.510386 0.481387
vn 0.71918 -0.496586 0.485986
vn 0.314289 0.802172 0.507683
vn 0.71438 0.507486 0.481787
vn 0.511183 0.686977 0.516483
vn 0.511183 0.686977 0.516483
vn -0.513538 0.690251 0.509738
vn -0.513538 0.690251 0.509738
vn -0.503402 -0.697703 0.509702
vn -0.503402 -0.697703 0.509702
vn 0.506711 -0.700016 0.503211
vn 0.506711 -0.700016 0.503211
vn -0.125303 -0.843621 0.522113
vn 0.123007 -0.846349 0.51823
vn -0.122903 0.84662 0.517812
vn 0.125199 0.843894 0.521697
vn -0.751196 -0.419298 0.509797
vn 0.745668 0.433782 0.505779
vn -0.750489 0.431594 0.500493
vn 0.757196 -0.413798 0.505397
vn -0.039999 -0.844289 0.534393
vn 0.039999 -0.84537 0.532681
vn -0.040099 0.845485 0.532491
vn 0.04 0.844408 0.534205
vn 0.776099 -0.3492 0.525099
vn -0.774438 0.354017 0.524326
vn 0.775709 0.351104 0.524406
vn -0.777304 -0.346202 0.525303
vn -0.242599 -0.797497 0.552398
vn 0.244106 -0.796819 0.552713
vn -0.239509 0.80423 0.543921
vn 0.237804 0.804812 0.543808
vn -0.356511 0.746424 0.561918
vn 0.3597 0.744301 0.562701
vn -0.353612 -0.753525 0.554219
vn 0.350615 -0.754333 0.555024
vn 0.542385 0.641082 0.542985
vn 0.542385 0.641082 0.542985
vn 0.542385 0.641082 0.542985
vn -0.542236 0.641842 0.542236
vn -0.542236 0.641842 0.542236
vn -0.542236 0.641842 0.542236
vn -0.542611 -0.638913 0.545311
vn -0.542611 -0.638913 0.545311
vn 0.543606 -0.640707 0.542206
vn 0.543606 -0.640707 0.542206
vn -0.800078 -0.263793 0.538785
vn 0.798399 0.270599 0.537899
vn -0.798094 0.266898 0.540196
vn 0.799723 -0.261108 0.540616
vn 0.816116 -0.158903 0.555611
vn -0.814711 0.167302 0.555208
vn 0.813708 0.171802 0.555305
vn -0.814902 -0.1637 0.556001
vn -0.819841 -0.066403 0.568728
vn 0.82033 -0.073703 0.567121
vn -0.823256 0.0001 0.56767
vn -0.823256 0.0001 0.56767
vn 0.823224 0.0006 0.567716
vn 0.823224 0.0006 0.567716
vn -0.820169 0.075797 0.567078
vn 0.819791 0.069799 0.568394
vn -0.144795 -0.800572 0.58148
vn 0.146098 -0.799089 0.583192
vn -0.143607 0.806641 0.57333
vn 0.1423 0.808099 0.5716
vn 0.582032 0.563431 0.586332
vn 0.582032 0.563431 0.586332
vn 0.582032 0.563431 0.586332
vn -0.584201 -0.558801 0.588601
vn -0.584201 -0.558801 0.588601
vn -0.584201 -0.558801 0.588601
vn -0.584201 -0.558801 0.588601
vn -0.587701 0.561101 0.582901
vn -0.587701 0.561101 0.582901
vn -0.587701 0.561101 0.582901
vn 0.588803 -0.559003 0.583803
vn 0.588803 -0.559003 0.583803
vn 0.588803 -0.559003 0.583803
vn 0.588803 -0.559003 0.583803
vn -0.391217 0.69633 0.601726
vn -0.388379 -0.704362 0.594168
vn 0.385297 -0.704595 0.595896
vn 0.394896 0.696092 0.599594
vn -0.047401 -0.80321 0.593807
vn 0.045801 -0.803222 0.593916
vn -0.045001 0.810714 0.58371
vn 0.0466 0.810702 0.583602
vn -0.2658 -0.753599 0.601199
vn 0.266109 -0.754826 0.59952
vn -0.270996 0.746589 0.607591
vn 0.269504 0.74581 0.609208
vn -0.61578 -0.488284 0.61838
vn -0.61578 -0.488284 0.61838
vn 0.60988 0.502784 0.61258
vn 0.60988 0.502784 0.61258
vn 0.617445 -0.489636 0.615645
vn 0.617445 -0.489636 0.615645
vn -0.611132 0.505326 0.609232
vn -0.611132 0.505326 0.609232
vn -0.1612 -0.7571 0.633099
vn 0.160601 -0.758806 0.631205
vn -0.162901 0.750905 0.640004
vn 0.163507 0.74913 0.641926
vn 0.42471 0.640415 0.639915
vn 0.42471 0.640415 0.639915
vn -0.423781 0.641771 0.639171
vn -0.423781 0.641771 0.639171
vn -0.423207 -0.641711 0.639611
vn -0.423207 -0.641711 0.639611
vn 0.422197 -0.641695 0.640295
vn 0.422197 -0.641695 0.640295
vn -0.640298 -0.428799 0.637298
vn -0.640298 -0.428799 0.637298
vn 0.635332 0.443722 0.632032
vn 0.635332 0.443722 0.632032
vn 0.636597 -0.429098 0.640796
vn 0.636597 -0.429098 0.640796
vn -0.631293 0.446395 0.634193
vn -0.631293 0.446395 0.634193
vn -0.289992 -0.706581 0.645483
vn 0.290398 -0.705396 0.646596
vn 0.290398 -0.705396 0.646596
vn -0.294088 0.697672 0.653274
vn -0.294088 0.697672 0.653274
vn 0.293219 0.698346 0.652943
vn -0.0542 -0.761497 0.645898
vn 0.052701 -0.761509 0.646008
vn -0.053498 0.753669 0.655073
vn 0.054997 0.753657 0.654963
vn 0.660713 0.352707 0.662613
vn 0.660713 0.352707 0.662613
vn -0.661504 -0.348202 0.664204
vn -0.661504 -0.348202 0.664204
vn -0.664698 0.348599 0.660798
vn -0.664698 0.348599 0.660798
vn 0.665414 -0.344907 0.662014
vn 0.665414 -0.344907 0.662014
vn 0.459426 0.569232 0.681838
vn -0.460118 -0.566522 0.683626
vn -0.455487 0.568984 0.684681
vn -0.455487 0.568984 0.684681
vn 0.455206 -0.567608 0.686009
vn 0.455206 -0.567608 0.686009
vn -0.682704 -0.254602 0.684904
vn -0.682704 -0.254602 0.684904
vn 0.682009 0.261203 0.683109
vn 0.682009 0.261203 0.683109
vn -0.684385 0.258694 0.681685
vn -0.684385 0.258694 0.681685
vn 0.685213 -0.253205 0.682913
vn 0.685213 -0.253205 0.682913
vn -0.180011 -0.710444 0.680342
vn -0.180011 -0.710444 0.680342
vn 0.179505 -0.707322 0.683721
vn 0.179505 -0.707322 0.683721
vn -0.1815 0.699401 0.691301
vn -0.1815 0.699401 0.691301
vn 0.182002 0.702608 0.687908
vn 0.182002 0.702608 0.687908
vn -0.696397 -0.151899 0.701397
vn -0.696397 -0.151899 0.701397
vn 0.696079 0.159695 0.699979
vn 0.696079 0.159695 0.699979
vn -0.700423 0.159305 0.695723
vn -0.700423 0.159305 0.695723
vn 0.701588 -0.150597 0.696488
vn 0.701588 -0.150597 0.696488
vn -0.315105 -0.645411 0.695811
vn -0.315105 -0.645411 0.695811
vn 0.312104 -0.646008 0.696609
vn 0.312104 -0.646008 0.696609
vn -0.313 0.6458 0.6964
vn -0.313 0.6458 0.6964
vn 0.315891 0.645382 0.695481
vn 0.315891 0.645382 0.695481
vn -0.704997 -0.0705 0.705697
vn -0.704997 -0.0705 0.705697
vn 0.705902 -0.0694 0.704902
vn 0.705902 -0.0694 0.704902
vn -0.705596 0.072499 0.704896
vn -0.705596 0.072499 0.704896
vn 0.704981 0.072798 0.705481
vn 0.704981 0.072798 0.705481
vn -0.707107 0.0006 0.707107
vn -0.707107 0.0006 0.707107
vn -0.707107 0.0006 0.707107
vn -0.707107 0.0006 0.707107
vn 0.707107 0.0006 0.707107
vn 0.707107 0.0006 0.707107
vn 0.707107 0.0006 0.707107
vn 0.707107 0.0006 0.707107
vn -0.059301 -0.708109 0.703609
vn -0.059301 -0.708109 0.703609
vn 0.060098 -0.706878 0.704778
vn 0.060098 -0.706878 0.704778
vn -0.060702 0.698919 0.71262
vn -0.060702 0.698919 0.71262
vn 0.059901 0.700215 0.711415
vn 0.059901 0.700215 0.711415
vn -0.487916 -0.494917 0.719024
vn -0.481107 0.507807 0.71461
vn 0.486088 -0.492988 0.721582
vn 0.482603 0.509203 0.712605
vn -0.190996 -0.642287 0.742285
vn 0.189196 -0.642588 0.742486
vn 0.189196 -0.642588 0.742486
vn -0.189209 0.642529 0.742534
vn 0.190996 0.642287 0.742285
vn -0.339007 -0.566612 0.751016
vn 0.339602 -0.566004 0.751205
vn -0.339994 0.566191 0.750888
vn 0.339101 0.567102 0.750603
vn -0.507187 -0.415289 0.75518
vn 0.508021 -0.419418 0.752332
vn 0.502297 0.431397 0.749396
vn -0.50281 0.437309 0.745616
vn -0.061299 -0.633891 0.770989
vn 0.064204 -0.633537 0.771044
vn -0.064204 0.633536 0.771044
vn 0.061303 0.633831 0.771038
vn -0.526096 -0.350597 0.774793
vn 0.525123 0.356116 0.772934
vn -0.523382 0.349388 0.777174
vn 0.523798 -0.345799 0.778497
vn -0.357309 -0.495012 0.792019
vn 0.356113 -0.495218 0.792428
vn -0.353098 0.508097 0.785595
vn 0.353404 0.507706 0.78571
vn -0.201199 -0.566397 0.799195
vn 0.200204 -0.569111 0.797515
vn -0.200204 0.569111 0.797516
vn 0.201199 0.566397 0.799196
vn 0.5381 -0.263 0.800799
vn -0.537602 0.269401 0.799004
vn -0.54117 -0.261086 0.799356
vn 0.54031 0.266905 0.798014
vn -0.556017 -0.160005 0.815625
vn 0.555182 0.166595 0.814874
vn -0.555122 0.171807 0.813832
vn 0.55552 -0.163706 0.815229
vn -0.062501 -0.565307 0.82251
vn 0.062402 -0.567321 0.821129
vn -0.062402 0.56732 0.821129
vn 0.062501 0.565307 0.82251
vn -0.567121 -0.073703 0.82033
vn 0.568579 -0.066098 0.819969
vn -0.568623 0.068603 0.819733
vn 0.567078 0.075797 0.820169
vn -0.567717 0.0006 0.823224
vn -0.567717 0.0006 0.823224
vn 0.56767 0.0001 0.823256
vn 0.56767 0.0001 0.823256
vn -0.375796 -0.422096 0.824992
vn 0.37151 -0.422311 0.826822
vn -0.367204 0.440705 0.819109
vn 0.37189 0.439988 0.817379
vn -0.215296 -0.495191 0.841685
vn 0.216502 -0.492405 0.843009
vn -0.214698 0.504996 0.835993
vn 0.213489 0.507874 0.834558
vn -0.385089 -0.34199 0.857175
vn 0.385199 -0.340299 0.857798
vn -0.384202 0.345402 0.856205
vn 0.384087 0.347588 0.855371
vn -0.068702 -0.495613 0.865822
vn 0.068498 -0.493983 0.866769
vn -0.067898 0.506483 0.859572
vn 0.0682 0.508097 0.858595
vn -0.219889 -0.414779 0.882954
vn 0.222491 -0.416982 0.881263
vn -0.220398 0.434896 0.873092
vn 0.217806 0.432713 0.874826
vn -0.3933 -0.2596 0.881999
vn 0.392877 -0.261085 0.881749
vn -0.392083 0.267888 0.880061
vn 0.392207 0.266205 0.880516
vn -0.405715 -0.172707 0.897534
vn 0.400513 -0.172906 0.899829
vn -0.400078 0.18139 0.898351
vn 0.405197 0.181198 0.896093
vn -0.070899 -0.417097 0.906092
vn 0.0698 -0.419 0.905299
vn -0.0691 0.437001 0.896803
vn 0.070199 0.434996 0.897692
vn -0.231603 -0.340404 0.91131
vn 0.232804 -0.340106 0.911115
vn -0.407687 -0.076998 0.90987
vn 0.405001 -0.0766 0.911102
vn -0.404999 0.079 0.910898
vn 0.407604 0.079301 0.909709
vn -0.232311 0.345416 0.909241
vn 0.231109 0.345713 0.909435
vn -0.410198 0.0001 0.911996
vn -0.410198 0.0001 0.911996
vn 0.410281 0.001 0.911958
vn 0.410281 0.001 0.911958
vn -0.077503 -0.344615 0.935539
vn 0.0763 -0.342802 0.936304
vn -0.236906 -0.257006 0.936922
vn 0.239596 -0.257196 0.936186
vn -0.239308 0.263409 0.934531
vn 0.236406 0.263207 0.935326
vn -0.076099 0.348296 0.93429
vn 0.077301 0.350106 0.933515
vn -0.243101 -0.166501 0.955604
vn 0.246306 -0.165704 0.954922
vn -0.245995 0.173696 0.953581
vn 0.242695 0.174496 0.95428
vn -0.080403 -0.26301 0.961437
vn 0.078502 -0.265105 0.961019
vn -0.078402 0.271907 0.959124
vn 0.080297 0.26979 0.959565
vn -0.246192 -0.074298 0.966369
vn 0.246599 -0.0739 0.966296
vn -0.246606 0.076102 0.966123
vn 0.246199 0.0765 0.966196
vn -0.245287 0.0011 0.96945
vn -0.245287 0.0011 0.96945
vn 0.245287 -0.0003 0.96945
vn 0.245287 -0.0003 0.96945
vn -0.086402 -0.173603 0.981018
vn 0.084804 -0.171408 0.981544
vn -0.084603 0.179907 0.980039
vn 0.086297 0.182194 0.979468
vn -0.085898 -0.072298 0.993677
vn 0.086301 -0.072701 0.993613
vn -0.086304 0.074904 0.993449
vn 0.085901 0.074501 0.993514
vn -0.086198 0.0004 0.996278
vn -0.086198 0.0004 0.996278
vn 0.086198 0.0004 0.996278
vn 0.086198 0.0004 0.996278
usemtl Mesh
f 1384/1384/1384 1416/1416/1416 1377/1377/1377
f 1377/1377/1377 1330/1330/1330 1384/1384/1384
f 1094/1094/1094 1090/1090/1090 931/931/931
f 931/931/931 937/937/937 1094/1094/1094
f 135/135/135 113/113/113 114/114/114
f 114/114/114 137/137/137 135/135/135
f 948/948/948 950/950/950 1103/1103/1103
f 1103/1103/1103 1111/1111/1111 948/948/948
f 807/807/807 803/803/803 775/775/775
f 775/775/775 795/795/795 807/807/807
f 270/270/270 320/320/320 312/312/312
f 312/312/312 248/248/248 270/270/270
f 1006/1006/1006 926/926/926 925/925/925
f 925/925/925 1005/1005/1005 1006/1006/1006
f 756/756/756 660/660/660 677/677/677
f 677/677/677 774/774/774 756/756/756
f 105/105/105 77/77/77 61/61/61
f 61/61/61 73/73/73 105/105/105
f 596/596/596 641/641/641 674/674/674
f 674/674/674 650/650/650 596/596/596
f 830/830/830 836/836/836 928/928/928
f 928/928/928 888/888/888 830/830/830
f 1097/1097/1097 1121/1121/1121 1190/1190/1190
f 1190/1190/1190 1178/1178/1178 1097/1097/1097
f 1461/1461/1461 1445/1445/1445 1344/1344/1344
f 1344/1344/1344 1347/1347/1347 1461/1461/1461
f 1160/1160/1160 1140/1140/1140 1226/1226/1226
f 1226/1226/1226 1255/1255/1255 1160/1160/1160
f 580/580/580 591/591/591 472/472/472
f 472/472/472 454/454/454 580/580/580
f 1043/1043/1043 1014/1014/1014 1066/1066/1066
f 1066/1066/1066 1116/1116/1116 1043/1043/1043
f 1063/1063/1063 1043/1043/1043 1116/1116/1116
f 1116/1116/1116 1148/1148/1148 1063/1063/1063
f 1252/1252/1252 1208/1208/1208 1263/1263/1263
f 1263/1263/1263 1298/1298/1298 1252/1252/1252
f 458/458/458 420/420/420 367/367/367
f 367/367/367 419/419/419 458/458/458
f 615/615/615 586/586/586 511/511/511
f 511/511/511 563/563/563 615/615/615
f 825/825/825 821/821/821 809/809/809
f 809/809/809 805/805/805 825/825/825
f 1019/1019/1019 969/969/969 978/978/978
f 978/978/978 1047/1047/1047 1019/1019/1019
f 1403/1403/1403 1376/1376/1376 1302/1302/1302
f 1302/1302/1302 1336/1336/1336 1403/1403/1403
f 1143/1143/1143 1195/1195/1195 1215/1215/1215
f 1215/1215/1215 1151/1151/1151 1143/1143/1143
f 1084/1084/1084 1150/1150/1150 1142/1142/1142
f 1142/1142/1142 1076/1076/1076 1084/1084/1084
f 410/410/410 432/432/432 317/317/317
f 317/317/317 307/307/307 410/410/410
f 506/506/506 488/488/488 400/400/400
f 400/400/400 436/436/436 506/506/506
f 1196/1196/1196 1218/1218/1218 1088/1088/1088
f 1088/1088/1088 1078/1078/1078 1196/1196/1196
f 1003/1003/1003 1084/1084/1084 1076/1076/1076
f 1076/1076/1076 999/999/999 1003/1003/1003
f 84/84/84 88/88/88 156/156/156
f 156/156/156 148/148/148 84/84/84
f 1316/1316/1316 1380/1380/1380 1358/1358/1358
f 1358/1358/1358 1308/1308/1308 1316/1316/1316
f 1539/1539/1539 1515/1515/1515 1503/1503/1503
f 1503/1503/1503 1527/1527/1527 1539/1539/1539
f 368/368/368 417/417/417 386/386/386
f 386/386/386 340/340/340 368/368/368
f 589/589/589 579/579/579 726/726/726
f 726/726/726 732/732/732 589/589/589
f 716/716/716 710/710/710 918/918/918
f 918/918/918 912/912/912 716/716/716
f 642/642/642 595/595/595 559/559/559
f 559/559/559 612/612/612 642/642/642
f 1386/1386/1386 1326/1326/1326 1292/1292/1292
f 1292/1292/1292 1328/1328/1328 1386/1386/1386
f 1549/1549/1549 1557/1557/1557 1517/1517/1517
f 1517/1517/1517 1509/1509/1509 1549/1549/1549
f 1389/1389/1389 1409/1409/1409 1312/1312/1312
f 1312/1312/1312 1295/1295/1295 1389/1389/1389
f 914/914/914 904/904/904 1051/1051/1051
f 1051/1051/1051 1059/1059/1059 914/914/914
f 660/660/660 608/608/608 639/639/639
f 639/639/639 677/677/677 660/660/660
f 687/687/687 689/689/689 528/528/528
f 528/528/528 524/524/524 687/687/687
f 313/313/313 359/359/359 363/363/363
f 363/363/363 321/321/321 313/313/313
f 77/77/77 69/69/69 41/41/41
f 41/41/41 61/61/61 77/77/77
f 341/341/341 387/387/387 418/418/418
f 418/418/418 375/375/375 341/341/341
f 827/827/827 851/851/851 823/823/823
f 823/823/823 819/819/819 827/827/827
f 249/249/249 313/313/313 321/321/321
f 321/321/321 271/271/271 249/249/249
f 1457/1457/1457 1473/1473/1473 1350/1350/1350
f 1350/1350/1350 1349/1349/1349 1457/1457/1457
f 870/870/870 866/866/866 998/998/998
f 998/998/998 1012/1012/1012 870/870/870
f 43/43/43 38/38/38 14/14/14
f 14/14/14 17/17/17 43/43/43
f 284/284/284 309/309/309 411/411/411
f 411/411/411 407/407/407 284/284/284
f 1140/1140/1140 1123/1123/1123 1193/1193/1193
f 1193/1193/1193 1226/1226/1226 1140/1140/1140
f 1399/1399/1399 1361/1361/1361 1383/1383/1383
f 1383/1383/1383 1425/1425/1425 1399/1399/1399
f 71/71/71 79/79/79 63/63/63
f 63/63/63 47/47/47 71/71/71
f 369/369/369 402/402/402 493/493/493
f 493/493/493 474/474/474 369/369/369
f 486/486/486 552/552/552 544/544/544
f 544/544/544 478/478/478 486/486/486
f 243/243/243 210/210/210 253/253/253
f 253/253/253 301/301/301 243/243/243
f 1168/1168/1168 1126/1126/1126 1165/1165/1165
f 1165/1165/1165 1212/1212/1212 1168/1168/1168
f 1236/1236/1236 1232/1232/1232 1102/1102/1102
f 1102/1102/1102 1110/1110/1110 1236/1236/1236
f 78/78/78 70/70/70 111/111/111
f 111/111/111 120/120/120 78/78/78
f 166/166/166 182/182/182 97/97/97
f 97/97/97 96/96/96 166/166/166
f 784/784/784 724/724/724 776/776/776
f 776/776/776 796/796/796 784/784/784
f 856/856/856 864/864/864 996/996/996
f 996/996/996 982/982/982 856/856/856
f 1036/1036/1036 1061/1061/1061 1149/1149/1149
f 1149/1149/1149 1119/1119/1119 1036/1036/1036
f 267/267/267 294/294/294 227/227/227
f 226/226/226 191/191/191 265/265/265
f 976/976/976 1044/1044/1044 1053/1053/1053
f 1053/1053/1053 992/992/992 976/976/976
f 311/311/311 247/247/247 269/269/269
f 269/269/269 319/319/319 311/311/311
f 906/906/906 846/846/846 860/860/860
f 860/860/860 952/952/952 906/906/906
f 90/90/90 66/66/66 74/74/74
f 74/74/74 102/102/102 90/90/90
f 238/238/238 265/265/265 191/191/191
f 191/191/191 130/130/130 238/238/238
f 432/432/432 442/442/442 332/332/332
f 332/332/332 317/317/317 432/432/432
f 1138/1138/1138 1157/1157/1157 1258/1258/1258
f 1258/1258/1258 1229/1229/1229 1138/1138/1138
f 1588/1588/1588 1568/1568/1568 1580/1580/1580
f 1580/1580/1580 1600/1600/1600 1588/1588/1588
f 1607/1607/1607 1599/1599/1599 1587/1587/1587
f 1587/1587/1587 1597/1597/1597 1607/1607/1607
f 887/887/887 927/927/927 835/835/835
f 835/835/835 829/829/829 887/887/887
f 1392/1392/1392 1412/1412/1412 1510/1510/1510
f 1510/1510/1510 1498/1498/1498 1392/1392/1392
f 593/593/593 621/621/621 565/565/565
f 565/565/565 513/513/513 593/593/593
f 771/771/771 781/781/781 657/657/657
f 657/657/657 647/647/647 771/771/771
f 1351/1351/1351 1354/1354/1354 1486/1486/1486
f 1486/1486/1486 1475/1475/1475 1351/1351/1351
f 79/79/79 107/107/107 75/75/75
f 75/75/75 63/63/63 79/79/79
f 1416/1416/1416 1465/1465/1465 1405/1405/1405
f 1405/1405/1405 1377/1377/1377 1416/1416/1416
f 1382/1382/1382 1318/1318/1318 1310/1310/1310
f 1310/1310/1310 1360/1360/1360 1382/1382/1382
f 1037/1037/1037 1048/1048/1048 901/901/901
f 901/901/901 895/895/895 1037/1037/1037
f 1181/1181/1181 1147/1147/1147 1062/1062/1062
f 1062/1062/1062 1098/1098/1098 1181/1181/1181
f 799/799/799 805/805/805 777/777/777
f 777/777/777 741/741/741 799/799/799
f 364/364/364 350/350/350 256/256/256
f 257/257/257 289/289/289 365/365/365
f 877/877/877 967/967/967 951/951/951
f 951/951/951 862/862/862 877/877/877
f 1184/1184/1184 1134/1134/1134 1112/1112/1112
f 1112/1112/1112 1164/1164/1164 1184/1184/1184
f 1423/1423/1423 1491/1491/1491 1489/1489/1489
f 1489/1489/1489 1422/1422/1422 1423/1423/1423
f 912/912/912 918/918/918 1079/1079/1079
f 1079/1079/1079 1057/1057/1057 912/912/912
f 423/423/423 379/379/379 449/449/449
f 449/449/449 482/482/482 423/423/423
f 385/385/385 339/339/339 366/366/366
f 366/366/366 416/416/416 385/385/385
f 1578/1578/1578 1594/1594/1594 1593/1593/1593
f 1593/1593/1593 1577/1577/1577 1578/1578/1578
f 942/942/942 945/945/945 1108/1108/1108
f 1108/1108/1108 1105/1105/1105 942/942/942
f 623/623/623 542/542/542 543/543/543
f 543/543/543 624/624/624 623/623/623
f 1556/1556/1556 1528/1528/1528 1540/1540/1540
f 1540/1540/1540 1564/1564/1564 1556/1556/1556
f 37/37/37 45/45/45 19/19/19
f 19/19/19 13/13/13 37/37/37
f 1361/1361/1361 1311/1311/1311 1319/1319/1319
f 1319/1319/1319 1383/1383/1383 1361/1361/1361
f 445/445/445 385/385/385 416/416/416
f 416/416/416 464/464/464 445/445/445
f 680/680/680 682/682/682 942/942/942
f 942/942/942 940/940/940 680/680/680
f 241/241/241 264/264/264 351/351/351
f 351/351/351 335/335/335 241/241/241
f 966/966/966 874/874/874 861/861/861
f 861/861/861 953/953/953 966/966/966
f 80/80/80 108/108/108 133/133/133
f 133/133/133 117/117/117 80/80/80
f 1065/1065/1065 1119/1119/1119 1171/1171/1171
f 1171/1171/1171 1129/1129/1129 1065/1065/1065
f 1525/1525/1525 1553/1553/1553 1521/1521/1521
f 1521/1521/1521 1505/1505/1505 1525/1525/1525
f 1223/1223/1223 1231/1231/1231 1346/1346/1346
f 1346/1346/1346 1345/1345/1345 1223/1223/1223
f 210/210/210 161/161/161 223/223/223
f 223/223/223 253/253/253 210/210/210
f 382/382/382 426/426/426 483/483/483
f 483/483/483 448/448/448 382/382/382
f 245/245/245 305/305/305 337/337/337
f 337/337/337 300/300/300 245/245/245
f 322/322/322 288/288/288 224/224/224
f 224/224/224 250/250/250 322/322/322
f 182/182/182 200/200/200 112/112/112
f 112/112/112 97/97/97 182/182/182
f 399/399/399 407/407/407 537/537/537
f 537/537/537 529/529/529 399/399/399
f 1034/1034/1034 1065/1065/1065 1129/1129/1129
f 1129/1129/1129 1075/1075/1075 1034/1034/1034
f 1044/1044/1044 1115/1115/1115 1133/1133/1133
f 1133/1133/1133 1053/1053/1053 1044/1044/1044
f 598/598/598 564/564/564 616/616/616
f 616/616/616 644/644/644 598/598/598
f 1517/1517/1517 1531/1531/1531 1440/1440/1440
f 1440/1440/1440 1428/1428/1428 1517/1517/1517
f 437/437/437 403/403/403 490/490/490
f 490/490/490 507/507/507 437/437/437
f 440/440/440 430/430/430 315/315/315
f 315/315/315 336/336/336 440/440/440
f 465/465/465 516/516/516 557/557/557
f 557/557/557 503/503/503 465/465/465
f 1426/1426/1426 1410/1410/1410 1511/1511/1511
f 1511/1511/1511 1518/1518/1518 1426/1426/1426
f 1096/1096/1096 1120/1120/1120 1009/1009/1009
f 1009/1009/1009 995/995/995 1096/1096/1096
f 1099/1099/1099 1063/1063/1063 1148/1148/1148
f 1148/1148/1148 1179/1179/1179 1099/1099/1099
f 10/10/10 6/6/6 18/18/18
f 18/18/18 26/26/26 10/10/10
f 1005/1005/1005 925/925/925 921/921/921
f 921/921/921 1001/1001/1001 1005/1005/1005
f 381/381/381 425/425/425 368/368/368
f 368/368/368 330/330/330 381/381/381
f 1054/1054/1054 993/993/993 975/975/975
f 975/975/975 1046/1046/1046 1054/1054/1054
f 508/508/508 532/532/532 450/450/450
f 450/450/450 439/439/439 508/508/508
f 489/489/489 470/470/470 589/589/589
f 590/590/590 602/602/602 490/490/490
f 347/347/347 329/329/329 403/403/403
f 403/403/403 437/437/437 347/347/347
f 509/509/509 533/533/533 634/634/634
f 634/634/634 620/620/620 509/509/509
f 1519/1519/1519 1512/1512/1512 1414/1414/1414
f 1414/1414/1414 1430/1430/1430 1519/1519/1519
f 749/749/749 762/762/762 870/870/870
f 870/870/870 885/885/885 749/749/749
f 492/492/492 508/508/508 439/439/439
f 439/439/439 401/401/401 492/492/492
f 1376/1376/1376 1328/1328/1328 1280/1280/1280
f 1280/1280/1280 1302/1302/1302 1376/1376/1376
f 934/934/934 890/890/890 962/962/962
f 962/962/962 986/986/986 934/934/934
f 621/621/621 649/649/649 597/597/597
f 597/597/597 565/565/565 621/621/621
f 460/460/460 502/502/502 562/562/562
f 562/562/562 510/510/510 460/460/460
f 1474/1474/1474 1485/1485/1485 1548/1548/1548
f 1548/1548/1548 1542/1542/1542 1474/1474/1474
f 742/742/742 778/778/778 806/806/806
f 806/806/806 800/800/800 742/742/742
f 227/227/227 251/251/251 211/211/211
f 211/211/211 163/163/163 227/227/227
f 805/805/805 809/809/809 801/801/801
f 801/801/801 777/777/777 805/805/805
f 131/131/131 118/118/118 77/77/77
f 77/77/77 105/105/105 131/131/131
f 661/661/661 753/753/753 768/768/768
f 768/768/768 675/675/675 661/661/661
f 577/577/577 638/638/638 653/653/653
f 653/653/653 583/583/583 577/577/577
f 476/476/476 412/412/412 413/413/413
f 413/413/413 477/477/477 476/476/476
f 574/574/574 494/494/494 484/484/484
f 484/484/484 546/546/546 574/574/574
f 844/844/844 838/838/838 934/934/934
f 934/934/934 960/960/960 844/844/844
f 542/542/542 476/476/476 477/477/477
f 477/477/477 543/543/543 542/542/542
f 48/48/48 64/64/64 80/80/80
f 80/80/80 72/72/72 48/48/48
f 463/463/463 505/505/505 467/467/467
f 467/467/467 417/417/417 463/463/463
f 1320/1320/1320 1345/1345/1345 1447/1447/1447
f 1447/1447/1447 1433/1433/1433 1320/1320/1320
f 859/859/859 954/954/954 964/964/964
f 964/964/964 872/872/872 859/859/859
f 1103/1103/1103 1095/1095/1095 1225/1225/1225
f 1225/1225/1225 1233/1233/1233 1103/1103/1103
f 915/915/915 999/999/999 991/991/991
f 991/991/991 907/907/907 915/915/915
f 1217/1217/1217 1153/1153/1153 1152/1152/1152
f 1152/1152/1152 1216/1216/1216 1217/1217/1217
f 673/673/673 729/729/729 678/678/678
f 678/678/678 640/640/640 673/673/673
f 1601/1601/1601 1609/1609/1609 1583/1583/1583
f 1583/1583/1583 1573/1573/1573 1601/1601/1601
f 1233/1233/1233 1225/1225/1225 1343/1343/1343
f 1343/1343/1343 1348/1348/1348 1233/1233/1233
f 656/656/656 646/646/646 770/770/770
f 770/770/770 780/780/780 656/656/656
f 1216/1216/1216 1152/1152/1152 1144/1144/1144
f 1144/1144/1144 1200/1200/1200 1216/1216/1216
f 564/564/564 512/512/512 587/587/587
f 587/587/587 616/616/616 564/564/564
f 1293/1293/1293 1331/1331/1331 1385/1385/1385
f 1385/1385/1385 1325/1325/1325 1293/1293/1293
f 764/764/764 760/760/760 868/868/868
f 868/868/868 864/864/864 764/764/764
f 1603/1603/1603 1597/1597/1597 1571/1571/1571
f 1571/1571/1571 1575/1575/1575 1603/1603/1603
f 216/216/216 196/196/196 109/109/109
f 109/109/109 118/118/118 216/216/216
f 1543/1543/1543 1535/1535/1535 1460/1460/1460
f 1460/1460/1460 1476/1476/1476 1543/1543/1543
f 1410/1410/1410 1390/1390/1390 1499/1499/1499
f 1499/1499/1499 1511/1511/1511 1410/1410/1410
f 443/443/443 455/455/455 581/581/581
f 581/581/581 573/573/573 443/443/443
f 1254/1254/1254 1293/1293/1293 1325/1325/1325
f 1325/1325/1325 1289/1289/1289 1254/1254/1254
f 1438/1438/1438 1498/1498/1498 1522/1522/1522
f 1522/1522/1522 1506/1506/1506 1438/1438/1438
f 795/795/795 775/775/775 723/723/723
f 723/723/723 783/783/783 795/795/795
f 1546/1546/1546 1543/1543/1543 1476/1476/1476
f 1476/1476/1476 1481/1481/1481 1546/1546/1546
f 1501/1501/1501 1526/1526/1526 1538/1538/1538
f 1538/1538/1538 1514/1514/1514 1501/1501/1501
f 1512/1512/1512 1497/1497/1497 1394/1394/1394
f 1394/1394/1394 1414/1414/1414 1512/1512/1512
f 190/190/190 132/132/132 234/234/234
f 234/234/234 258/258/258 190/190/190
f 396/396/396 392/392/392 272/272/272
f 272/272/272 282/282/282 396/396/396
f 928/928/928 958/958/958 1008/1008/1008
f 1008/1008/1008 980/980/980 928/928/928
f 1091/1091/1091 1081/1081/1081 1199/1199/1199
f 1199/1199/1199 1221/1221/1221 1091/1091/1091
f 95/95/95 86/86/86 152/152/152
f 152/152/152 168/168/168 95/95/95
f 406/406/406 410/410/410 307/307/307
f 307/307/307 287/287/287 406/406/406
f 326/326/326 348/348/348 438/438/438
f 438/438/438 402/402/402 326/326/326
f 994/994/994 910/910/910 922/922/922
f 922/922/922 1002/1002/1002 994/994/994
f 1593/1593/1593 1605/1605/1605 1595/1595/1595
f 1595/1595/1595 1581/1581/1581 1593/1593/1593
f 502/502/502 556/556/556 596/596/596
f 596/596/596 562/562/562 502/502/502
f 1040/1040/1040 1027/1027/1027 883/883/883
f 883/883/883 897/897/897 1040/1040/1040
f 895/895/895 901/901/901 725/725/725
f 725/725/725 731/731/731 895/895/895
f 98/98/98 95/95/95 168/168/168
f 168/168/168 184/184/184 98/98/98
f 1260/1260/1260 1228/1228/1228 1139/1139/1139
f 1139/1139/1139 1159/1159/1159 1260/1260/1260
f 42/42/42 32/32/32 58/58/58
f 58/58/58 70/70/70 42/42/42
f 935/935/935 939/939/939 679/679/679
f 679/679/679 691/691/691 935/935/935
f 1041/1041/1041 1030/1030/1030 1141/1141/1141
f 1141/1141/1141 1161/1161/1161 1041/1041/1041
f 977/977/977 1045/1045/1045 1018/1018/1018
f 1018/1018/1018 968/968/968 977/977/977
f 1275/1275/1275 1255/1255/1255 1333/1333/1333
f 1334/1334/1334 1364/1364/1364 1276/1276/1276
f 251/251/251 299/299/299 244/244/244
f 244/244/244 211/211/211 251/251/251
f 1147/1147/1147 1118/1118/1118 1042/1042/1042
f 1042/1042/1042 1062/1062/1062 1147/1147/1147
f 1105/1105/1105 1108/1108/1108 1240/1240/1240
f 1240/1240/1240 1235/1235/1235 1105/1105/1105
f 1064/1064/1064 1117/1117/1117 1035/1035/1035
f 1035/1035/1035 1007/1007/1007 1064/1064/1064
f 988/988/988 953/953/953 905/905/905
f 905/905/905 961/961/961 988/988/988
f 933/933/933 889/889/889 831/831/831
f 831/831/831 837/837/837 933/933/933
f 640/640/640 678/678/678 666/666/666
f 666/666/666 613/613/613 640/640/640
f 1503/1503/1503 1452/1452/1452 1419/1419/1419
f 1419/1419/1419 1468/1468/1468 1503/1503/1503
f 1437/1437/1437 1403/1403/1403 1336/1336/1336
f 1335/1335/1335 1369/1369/1369 1436/1436/1436
f 279/279/279 283/283/283 399/399/399
f 399/399/399 395/395/395 279/279/279
f 91/91/91 115/115/115 116/116/116
f 116/116/116 92/92/92 91/91/91
f 1409/1409/1409 1429/1429/1429 1323/1323/1323
f 1323/1323/1323 1312/1312/1312 1409/1409/1409
f 645/645/645 631/631/631 530/530/530
f 530/530/530 566/566/566 645/645/645
f 312/312/312 358/358/358 359/359/359
f 359/359/359 313/313/313 312/312/312
f 277/277/277 279/279/279 395/395/395
f 395/395/395 391/391/391 277/277/277
f 86/86/86 83/83/83 146/146/146
f 146/146/146 152/152/152 86/86/86
f 1194/1194/1194 1266/1266/1266 1242/1242/1242
f 1242/1242/1242 1182/1182/1182 1194/1194/1194
f 1114/1114/1114 1163/1163/1163 1125/1125/1125
f 1125/1125/1125 1071/1071/1071 1114/1114/1114
f 1193/1193/1193 1179/1179/1179 1253/1253/1253
f 1253/1253/1253 1287/1287/1287 1193/1193/1193
f 760/760/760 746/746/746 882/882/882
f 882/882/882 868/868/868 760/760/760
f 1142/1142/1142 1194/1194/1194 1182/1182/1182
f 1182/1182/1182 1132/1132/1132 1142/1142/1142
f 576/576/576 637/637/637 629/629/629
f 629/629/629 552/552/552 576/576/576
f 455/455/455 475/475/475 592/592/592
f 592/592/592 581/581/581 455/455/455
f 1401/1401/1401 1379/1379/1379 1421/1421/1421
f 1421/1421/1421 1471/1471/1471 1401/1401/1401
f 937/937/937 931/931/931 699/699/699
f 699/699/699 693/693/693 937/937/937
f 956/956/956 980/980/980 1034/1034/1034
f 1034/1034/1034 990/990/990 956/956/956
f 1294/1294/1294 1330/1330/1330 1283/1283/1283
f 1283/1283/1283 1251/1251/1251 1294/1294/1294
f 775/775/775 739/739/739 667/667/667
f 667/667/667 723/723/723 775/775/775
f 1109/1109/1109 1111/1111/1111 1237/1237/1237
f 1237/1237/1237 1241/1241/1241 1109/1109/1109
f 132/132/132 120/120/120 218/218/218
f 218/218/218 234/234/234 132/132/132
f 61/61/61 41/41/41 29/29/29
f 29/29/29 49/49/49 61/61/61
f 1061/1061/1061 1097/1097/1097 1178/1178/1178
f 1178/1178/1178 1149/1149/1149 1061/1061/1061
f 1170/1170/1170 1202/1202/1202 1254/1254/1254
f 1254/1254/1254 1211/1211/1211 1170/1170/1170
f 464/464/464 416/416/416 456/456/456
f 456/456/456 498/498/498 464/464/464
f 485/485/485 429/429/429 445/445/445
f 445/445/445 495/495/495 485/485/485
f 233/233/233 271/271/271 305/305/305
f 305/305/305 245/245/245 233/233/233
f 653/653/653 738/738/738 754/754/754
f 754/754/754 662/662/662 653/653/653
f 93/93/93 85/85/85 43/43/43
f 43/43/43 53/53/53 93/93/93
f 94/94/94 100/100/100 188/188/188
f 188/188/188 172/172/172 94/94/94
f 717/717/717 727/727/727 580/580/580
f 580/580/580 572/572/572 717/717/717
f 31/31/31 25/25/25 9/9/9
f 9/9/9 21/21/21 31/31/31
f 1148/1148/1148 1116/1116/1116 1169/1169/1169
f 1169/1169/1169 1209/1209/1209 1148/1148/1148
f 1412/1412/1412 1432/1432/1432 1520/1520/1520
f 1520/1520/1520 1510/1510/1510 1412/1412/1412
f 1507/1507/1507 1468/1468/1468 1402/1402/1402
f 1402/1402/1402 1436/1436/1436 1507/1507/1507
f 1179/1179/1179 1148/1148/1148 1209/1209/1209
f 1209/1209/1209 1253/1253/1253 1179/1179/1179
f 64/64/64 76/76/76 108/108/108
f 108/108/108 80/80/80 64/64/64
f 563/563/563 511/511/511 459/459/459
f 459/459/459 501/501/501 563/563/563
f 989/989/989 952/952/952 970/970/970
f 970/970/970 1020/1020/1020 989/989/989
f 119/119/119 130/130/130 107/107/107
f 107/107/107 79/79/79 119/119/119
f 1574/1574/1574 1584/1584/1584 1610/1610/1610
f 1610/1610/1610 1602/1602/1602 1574/1574/1574
f 23/23/23 35/35/35 36/36/36
f 36/36/36 24/24/24 23/23/23
f 739/739/739 695/695/695 643/643/643
f 643/643/643 667/667/667 739/739/739
f 1572/1572/1572 1560/1560/1560 1588/1588/1588
f 1588/1588/1588 1598/1598/1598 1572/1572/1572
f 1281/1281/1281 1247/1247/1247 1181/1181/1181
f 1181/1181/1181 1191/1191/1191 1281/1281/1281
f 1165/1165/1165 1113/1113/1113 1135/1135/1135
f 1135/1135/1135 1185/1185/1185 1165/1165/1165
f 881/881/881 896/896/896 1039/1039/1039
f 1039/1039/1039 1025/1025/1025 881/881/881
f 115/115/115 138/138/138 140/140/140
f 140/140/140 116/116/116 115/115/115
f 1121/1121/1121 1138/1138/1138 1229/1229/1229
f 1229/1229/1229 1190/1190/1190 1121/1121/1121
f 631/631/631 617/617/617 506/506/506
f 506/506/506 530/530/530 631/631/631
f 401/401/401 439/439/439 344/344/344
f 344/344/344 324/324/324 401/401/401
f 1069/1069/1069 1016/1016/1016 988/988/988
f 988/988/988 1033/1033/1033 1069/1069/1069
f 591/591/591 603/603/603 491/491/491
f 491/491/491 472/472/472 591/591/591
f 1266/1266/1266 1308/1308/1308 1288/1288/1288
f 1288/1288/1288 1242/1242/1242 1266/1266/1266
f 743/743/743 731/731/731 588/588/588
f 588/588/588 599/599/599 743/743/743
f 1555/1555/1555 1527/1527/1527 1507/1507/1507
f 1507/1507/1507 1523/1523/1523 1555/1555/1555
f 663/663/663 611/611/611 585/585/585
f 585/585/585 654/654/654 663/663/663
f 339/339/339 303/303/303 334/334/334
f 334/334/334 366/366/366 339/339/339
f 357/357/357 311/311/311 319/319/319
f 319/319/319 361/361/361 357/357/357
f 647/647/647 657/657/657 593/593/593
f 593/593/593 568/568/568 647/647/647
f 420/420/420 376/376/376 331/331/331
f 331/331/331 367/367/367 420/420/420
f 980/980/980 1008/1008/1008 1065/1065/1065
f 1065/1065/1065 1034/1034/1034 980/980/980
f 1398/1398/1398 1360/1360/1360 1326/1326/1326
f 1326/1326/1326 1386/1386/1386 1398/1398/1398
f 1195/1195/1195 1267/1267/1267 1271/1271/1271
f 1271/1271/1271 1215/1215/1215 1195/1195/1195
f 229/229/229 252/252/252 327/327/327
f 327/327/327 297/297/297 229/229/229
f 104/104/104 129/129/129 164/164/164
f 164/164/164 124/124/124 104/104/104
f 897/897/897 883/883/883 747/747/747
f 747/747/747 733/733/733 897/897/897
f 1441/1441/1441 1457/1457/1457 1349/1349/1349
f 1349/1349/1349 1342/1342/1342 1441/1441/1441
f 1081/1081/1081 1059/1059/1059 1189/1189/1189
f 1189/1189/1189 1199/1199/1199 1081/1081/1081
f 737/737/737 651/651/651 659/659/659
f 659/659/659 755/755/755 737/737/737
f 1478/1478/1478 1458/1458/1458 1534/1534/1534
f 1534/1534/1534 1544/1544/1544 1478/1478/1478
f 1380/1380/1380 1422/1422/1422 1396/1396/1396
f 1396/1396/1396 1358/1358/1358 1380/1380/1380
f 397/397/397 393/393/393 519/519/519
f 519/519/519 527/527/527 397/397/397
f 903/903/903 897/897/897 733/733/733
f 733/733/733 727/727/727 903/903/903
f 271/271/271 321/321/321 341/341/341
f 341/341/341 305/305/305 271/271/271
f 1175/1175/1175 1187/1187/1187 1297/1297/1297
f 1297/1297/1297 1279/1279/1279 1175/1175/1175
f 1342/1342/1342 1349/1349/1349 1230/1230/1230
f 1230/1230/1230 1222/1222/1222 1342/1342/1342
f 446/446/446 496/496/496 486/486/486
f 486/486/486 434/434/434 446/446/446
f 1116/1116/1116 1066/1066/1066 1127/1127/1127
f 1127/1127/1127 1169/1169/1169 1116/1116/1116
f 979/979/979 1007/1007/1007 957/957/957
f 957/957/957 927/927/927 979/979/979
f 348/348/348 382/382/382 448/448/448
f 448/448/448 438/438/438 348/348/348
f 1432/1432/1432 1446/1446/1446 1529/1529/1529
f 1529/1529/1529 1520/1520/1520 1432/1432/1432
f 269/269/269 231/231/231 243/243/243
f 243/243/243 303/303/303 269/269/269
f 829/829/829 835/835/835 791/791/791
f 791/791/791 797/797/797 829/829/829
f 96/96/96 97/97/97 59/59/59
f 59/59/59 55/55/55 96/96/96
f 278/278/278 281/281/281 167/167/167
f 167/167/167 155/155/155 278/278/278
f 863/863/863 867/867/867 759/759/759
f 759/759/759 763/763/763 863/863/863
f 191/191/191 226/226/226 162/162/162
f 162/162/162 123/123/123 191/191/191
f 658/658/658 672/672/672 788/788/788
f 788/788/788 782/782/782 658/658/658
f 332/332/332 354/354/354 266/266/266
f 266/266/266 239/239/239 332/332/332
f 1243/1243/1243 1289/1289/1289 1309/1309/1309
f 1309/1309/1309 1267/1267/1267 1243/1243/1243
f 530/530/530 506/506/506 436/436/436
f 436/436/436 451/451/451 530/530/530
f 1584/1584/1584 1592/1592/1592 1616/1616/1616
f 1616/1616/1616 1610/1610/1610 1584/1584/1584
f 113/113/113 89/89/89 90/90/90
f 90/90/90 114/114/114 113/113/113
f 1590/1590/1590 1585/1585/1585 1543/1543/1543
f 1543/1543/1543 1546/1546/1546 1590/1590/1590
f 317/317/317 332/332/332 239/239/239
f 239/239/239 221/221/221 317/317/317
f 866/866/866 858/858/858 984/984/984
f 984/984/984 998/998/998 866/866/866
f 1190/1190/1190 1229/1229/1229 1307/1307/1307
f 1307/1307/1307 1285/1285/1285 1190/1190/1190
f 641/641/641 675/675/675 730/730/730
f 730/730/730 674/674/674 641/641/641
f 731/731/731 725/725/725 578/578/578
f 578/578/578 588/588/588 731/731/731
f 494/494/494 444/444/444 428/428/428
f 428/428/428 484/484/484 494/494/494
f 1035/1035/1035 1060/1060/1060 981/981/981
f 981/981/981 971/971/971 1035/1035/1035
f 523/523/523 525/525/525 688/688/688
f 688/688/688 686/686/686 523/523/523
f 1235/1235/1235 1240/1240/1240 1354/1354/1354
f 1354/1354/1354 1351/1351/1351 1235/1235/1235
f 273/273/273 276/276/276 390/390/390
f 390/390/390 393/393/393 273/273/273
f 1462/1462/1462 1474/1474/1474 1542/1542/1542
f 1542/1542/1542 1536/1536/1536 1462/1462/1462
f 777/777/777 801/801/801 789/789/789
f 789/789/789 729/729/729 777/777/777
f 788/788/788 794/794/794 838/838/838
f 838/838/838 844/844/844 788/788/788
f 527/527/527 519/519/519 682/682/682
f 682/682/682 680/680/680 527/527/527
f 1136/1136/1136 1154/1154/1154 1037/1037/1037
f 1038/1038/1038 1024/1024/1024 1137/1137/1137
f 543/543/543 477/477/477 485/485/485
f 485/485/485 547/547/547 543/543/543
f 488/488/488 469/469/469 365/365/365
f 365/365/365 400/400/400 488/488/488
f 1458/1458/1458 1442/1442/1442 1532/1532/1532
f 1532/1532/1532 1534/1534/1534 1458/1458/1458
f 408/408/408 404/404/404 285/285/285
f 285/285/285 308/308/308 408/408/408
f 1213/1213/1213 1164/1164/1164 1130/1130/1130
f 1130/1130/1130 1172/1172/1172 1213/1213/1213
f 1049/1049/1049 1057/1057/1057 1187/1187/1187
f 1187/1187/1187 1175/1175/1175 1049/1049/1049
f 624/624/624 543/543/543 547/547/547
f 547/547/547 628/628/628 624/624/624
f 707/707/707 627/627/627 623/623/623
f 623/623/623 703/703/703 707/707/707
f 85/85/85 82/82/82 38/38/38
f 38/38/38 43/43/43 85/85/85
f 430/430/430 408/408/408 308/308/308
f 308/308/308 315/315/315 430/430/430
f 1425/1425/1425 1383/1383/1383 1382/1382/1382
f 1382/1382/1382 1424/1424/1424 1425/1425/1425
f 715/715/715 709/709/709 548/548/548
f 548/548/548 570/570/570 715/715/715
f 681/681/681 684/684/684 521/521/521
f 521/521/521 518/518/518 681/681/681
f 841/841/841 847/847/847 779/779/779
f 779/779/779 785/785/785 841/841/841
f 1537/1537/1537 1561/1561/1561 1553/1553/1553
f 1553/1553/1553 1525/1525/1525 1537/1537/1537
f 1074/1074/1074 1128/1128/1128 1162/1162/1162
f 1162/1162/1162 1115/1115/1115 1074/1074/1074
f 1464/1464/1464 1505/1505/1505 1435/1435/1435
f 1435/1435/1435 1404/1404/1404 1464/1464/1464
f 231/231/231 176/176/176 210/210/210
f 210/210/210 243/243/243 231/231/231
f 300/300/300 337/337/337 383/383/383
f 383/383/383 349/349/349 300/300/300
f 1617/1617/1617 1621/1621/1621 1609/1609/1609
f 1609/1609/1609 1601/1601/1601 1617/1617/1617
f 181/181/181 233/233/233 245/245/245
f 245/245/245 213/213/213 181/181/181
f 1569/1569/1569 1573/1573/1573 1533/1533/1533
f 1533/1533/1533 1531/1531/1531 1569/1569/1569
f 1021/1021/1021 1074/1074/1074 1115/1115/1115
f 1115/1115/1115 1044/1044/1044 1021/1021/1021
f 992/992/992 1053/1053/1053 1077/1077/1077
f 1077/1077/1077 1000/1000/1000 992/992/992
f 1557/1557/1557 1569/1569/1569 1531/1531/1531
f 1531/1531/1531 1517/1517/1517 1557/1557/1557
f 1245/1245/1245 1185/1185/1185 1201/1201/1201
f 1201/1201/1201 1269/1269/1269 1245/1245/1245
f 1319/1319/1319 1273/1273/1273 1272/1272/1272
f 1272/1272/1272 1318/1318/1318 1319/1319/1319
f 379/379/379 347/347/347 437/437/437
f 437/437/437 449/449/449 379/379/379
f 727/727/727 733/733/733 591/591/591
f 591/591/591 580/580/580 727/727/727
f 951/951/951 987/987/987 955/955/955
f 955/955/955 899/899/899 951/951/951
f 1082/1082/1082 1001/1001/1001 993/993/993
f 993/993/993 1054/1054/1054 1082/1082/1082
f 439/439/439 450/450/450 380/380/380
f 380/380/380 344/344/344 439/439/439
f 832/832/832 826/826/826 854/854/854
f 854/854/854 890/890/890 832/832/832
f 541/541/541 551/551/551 712/712/712
f 712/712/712 700/700/700 541/541/541
f 1445/1445/1445 1431/1431/1431 1321/1321/1321
f 1321/1321/1321 1344/1344/1344 1445/1445/1445
f 868/868/868 882/882/882 1026/1026/1026
f 1026/1026/1026 1010/1010/1010 868/868/868
f 838/838/838 832/832/832 890/890/890
f 890/890/890 934/934/934 838/838/838
f 1337/1337/1337 1303/1303/1303 1228/1228/1228
f 1228/1228/1228 1260/1260/1260 1337/1337/1337
f 1014/1014/1014 986/986/986 1031/1031/1031
f 1031/1031/1031 1066/1066/1066 1014/1014/1014
f 1582/1582/1582 1596/1596/1596 1606/1606/1606
f 1606/1606/1606 1594/1594/1594 1582/1582/1582
f 657/657/657 671/671/671 621/621/621
f 621/621/621 593/593/593 657/657/657
f 375/375/375 418/418/418 461/461/461
f 461/461/461 427/427/427 375/375/375
f 1188/1188/1188 1176/1176/1176 1050/1050/1050
f 1050/1050/1050 1058/1058/1058 1188/1188/1188
f 519/519/519 522/522/522 685/685/685
f 685/685/685 682/682/682 519/519/519
f 894/894/894 977/977/977 968/968/968
f 968/968/968 878/878/878 894/894/894
f 780/780/780 770/770/770 856/856/856
f 856/856/856 848/848/848 780/780/780
f 40/40/40 46/46/46 88/88/88
f 88/88/88 84/84/84 40/40/40
f 1098/1098/1098 1062/1062/1062 983/983/983
f 983/983/983 997/997/997 1098/1098/1098
f 255/255/255 236/236/236 131/131/131
f 131/131/131 193/193/193 255/255/255
f 468/468/468 452/452/452 350/350/350
f 350/350/350 364/364/364 468/468/468
f 425/425/425 463/463/463 417/417/417
f 417/417/417 368/368/368 425/425/425
f 470/470/470 453/453/453 579/579/579
f 579/579/579 589/589/589 470/470/470
f 896/896/896 902/902/902 1049/1049/1049
f 1049/1049/1049 1039/1039/1039 896/896/896
f 1032/1032/1032 1064/1064/1064 1007/1007/1007
f 1007/1007/1007 979/979/979 1032/1032/1032
f 24/24/24 36/36/36 48/48/48
f 48/48/48 34/34/34 24/24/24
f 1192/1192/1192 1227/1227/1227 1137/1137/1137
f 1137/1137/1137 1120/1120/1120 1192/1192/1192
f 649/649/649 673/673/673 640/640/640
f 640/640/640 597/597/597 649/649/649
f 1237/1237/1237 1233/1233/1233 1348/1348/1348
f 1348/1348/1348 1357/1357/1357 1237/1237/1237
f 1484/1484/1484 1478/1478/1478 1544/1544/1544
f 1544/1544/1544 1547/1547/1547 1484/1484/1484
f 1272/1272/1272 1216/1216/1216 1200/1200/1200
f 1200/1200/1200 1268/1268/1268 1272/1272/1272
f 388/388/388 394/394/394 278/278/278
f 278/278/278 274/274/274 388/388/388
f 175/175/175 126/126/126 113/113/113
f 113/113/113 135/135/135 175/175/175
f 298/298/298 250/250/250 208/208/208
f 208/208/208 242/242/242 298/298/298
f 555/555/555 499/499/499 564/564/564
f 564/564/564 598/598/598 555/555/555
f 693/693/693 699/699/699 540/540/540
f 540/540/540 536/536/536 693/693/693
f 1248/1248/1248 1284/1284/1284 1331/1331/1331
f 1331/1331/1331 1293/1293/1293 1248/1248/1248
f 556/556/556 609/609/609 641/641/641
f 641/641/641 596/596/596 556/556/556
f 447/447/447 497/497/497 516/516/516
f 516/516/516 465/465/465 447/447/447
f 496/496/496 576/576/576 552/552/552
f 552/552/552 486/486/486 496/496/496
f 1585/1585/1585 1575/1575/1575 1535/1535/1535
f 1535/1535/1535 1543/1543/1543 1585/1585/1585
f 551/551/551 573/573/573 718/718/718
f 718/718/718 712/712/712 551/551/551
f 1466/1466/1466 1506/1506/1506 1526/1526/1526
f 1526/1526/1526 1501/1501/1501 1466/1466/1466
f 1263/1263/1263 1212/1212/1212 1245/1245/1245
f 1245/1245/1245 1291/1291/1291 1263/1263/1263
f 1338/1338/1338 1367/1367/1367 1278/1278/1278
f 1278/1278/1278 1265/1265/1265 1338/1338/1338
f 260/260/260 235/235/235 333/333/333
f 333/333/333 352/352/352 260/260/260
f 1431/1431/1431 1415/1415/1415 1314/1314/1314
f 1314/1314/1314 1321/1321/1321 1431/1431/1431
f 160/160/160 122/122/122 190/190/190
f 190/190/190 222/222/222 160/160/160
f 534/534/534 526/526/526 396/396/396
f 396/396/396 404/404/404 534/534/534
f 1225/1225/1225 1221/1221/1221 1322/1322/1322
f 1322/1322/1322 1343/1343/1343 1225/1225/1225
f 89/89/89 65/65/65 66/66/66
f 66/66/66 90/90/90 89/89/89
f 244/244/244 304/304/304 270/270/270
f 270/270/270 232/232/232 244/244/244
f 1264/1264/1264 1277/1277/1277 1174/1174/1174
f 1174/1174/1174 1154/1154/1154 1264/1264/1264
f 1023/1023/1023 1037/1037/1037 895/895/895
f 895/895/895 879/879/879 1023/1023/1023
f 776/776/776 740/740/740 798/798/798
f 798/798/798 804/804/804 776/776/776
f 70/70/70 58/58/58 98/98/98
f 98/98/98 111/111/111 70/70/70
f 646/646/646 632/632/632 764/764/764
f 764/764/764 770/770/770 646/646/646
f 690/690/690 694/694/694 938/938/938
f 938/938/938 950/950/950 690/690/690
f 1597/1597/1597 1587/1587/1587 1559/1559/1559
f 1559/1559/1559 1571/1571/1571 1597/1597/1597
f 483/483/483 510/510/510 594/594/594
f 594/594/594 569/569/569 483/483/483
f 46/46/46 56/56/56 94/94/94
f 94/94/94 88/88/88 46/46/46
f 294/294/294 325/325/325 251/251/251
f 251/251/251 227/227/227 294/294/294
f 4/4/4 8/8/8 20/20/20
f 20/20/20 16/16/16 4/4/4
f 728/728/728 734/734/734 898/898/898
f 898/898/898 904/904/904 728/728/728
f 751/751/751 663/663/663 654/654/654
f 654/654/654 736/736/736 751/751/751
f 1205/1205/1205 1173/1173/1173 1118/1118/1118
f 1118/1118/1118 1147/1147/1147 1205/1205/1205
f 1078/1078/1078 1088/1088/1088 929/929/929
f 929/929/929 917/917/917 1078/1078/1078
f 1498/1498/1498 1510/1510/1510 1550/1550/1550
f 1550/1550/1550 1522/1522/1522 1498/1498/1498
f 1599/1599/1599 1579/1579/1579 1567/1567/1567
f 1567/1567/1567 1587/1587/1587 1599/1599/1599
f 6/6/6 3/3/3 15/15/15
f 15/15/15 18/18/18 6/6/6
f 1210/1210/1210 1261/1261/1261 1207/1207/1207
f 1207/1207/1207 1167/1167/1167 1210/1210/1210
f 1497/1497/1497 1436/1436/1436 1369/1369/1369
f 1369/1369/1369 1394/1394/1394 1497/1497/1497
f 1377/1377/1377 1405/1405/1405 1339/1339/1339
f 1339/1339/1339 1305/1305/1305 1377/1377/1377
f 444/444/444 384/384/384 360/360/360
f 360/360/360 428/428/428 444/444/444
f 1126/1126/1126 1072/1072/1072 1113/1113/1113
f 1113/1113/1113 1165/1165/1165 1126/1126/1126
f 916/916/916 1000/1000/1000 1004/1004/1004
f 1004/1004/1004 924/924/924 916/916/916
f 566/566/566 530/530/530 451/451/451
f 451/451/451 480/480/480 566/566/566
f 1295/1295/1295 1312/1312/1312 1196/1196/1196
f 1196/1196/1196 1186/1186/1186 1295/1295/1295
f 779/779/779 769/769/769 645/645/645
f 645/645/645 655/655/655 779/779/779
f 153/153/153 147/147/147 276/276/276
f 276/276/276 273/273/273 153/153/153
f 54/54/54 44/44/44 86/86/86
f 86/86/86 95/95/95 54/54/54
f 199/199/199 215/215/215 314/314/314
f 314/314/314 309/309/309 199/199/199
f 60/60/60 72/72/72 110/110/110
f 110/110/110 100/100/100 60/60/60
f 1150/1150/1150 1214/1214/1214 1194/1194/1194
f 1194/1194/1194 1142/1142/1142 1150/1150/1150
f 930/930/930 936/936/936 1093/1093/1093
f 1093/1093/1093 1089/1089/1089 930/930/930
f 429/429/429 361/361/361 385/385/385
f 385/385/385 445/445/445 429/429/429
f 1092/1092/1092 1100/1100/1100 939/939/939
f 939/939/939 935/935/935 1092/1092/1092
f 953/953/953 861/861/861 845/845/845
f 845/845/845 905/905/905 953/953/953
f 177/177/177 127/127/127 160/160/160
f 161/161/161 210/210/210 176/176/176
f 56/56/56 60/60/60 100/100/100
f 100/100/100 94/94/94 56/56/56
f 888/888/888 928/928/928 980/980/980
f 980/980/980 956/956/956 888/888/888
f 954/954/954 990/990/990 1022/1022/1022
f 1022/1022/1022 964/964/964 954/954/954
f 1206/1206/1206 1250/1250/1250 1180/1180/1180
f 1180/1180/1180 1146/1146/1146 1206/1206/1206
f 1149/1149/1149 1178/1178/1178 1249/1249/1249
f 1249/1249/1249 1203/1203/1203 1149/1149/1149
f 1366/1366/1366 1389/1389/1389 1295/1295/1295
f 1295/1295/1295 1277/1277/1277 1366/1366/1366
f 905/905/905 845/845/845 833/833/833
f 833/833/833 853/853/853 905/905/905
f 246/246/246 204/204/204 205/205/205
f 205/205/205 247/247/247 246/246/246
f 1119/1119/1119 1149/1149/1149 1203/1203/1203
f 1203/1203/1203 1171/1171/1171 1119/1119/1119
f 1080/1080/1080 1058/1058/1058 913/913/913
f 913/913/913 919/919/919 1080/1080/1080
f 938/938/938 932/932/932 1091/1091/1091
f 1091/1091/1091 1095/1095/1095 938/938/938
f 1378/1378/1378 1407/1407/1407 1467/1467/1467
f 1467/1467/1467 1418/1418/1418 1378/1378/1378
f 1047/1047/1047 978/978/978 994/994/994
f 994/994/994 1055/1055/1055 1047/1047/1047
f 1145/1145/1145 1083/1083/1083 1087/1087/1087
f 1087/1087/1087 1153/1153/1153 1145/1145/1145
f 1331/1331/1331 1378/1378/1378 1418/1418/1418
f 1418/1418/1418 1385/1385/1385 1331/1331/1331
f 595/595/595 563/563/563 501/501/501
f 501/501/501 559/559/559 595/595/595
f 955/955/955 979/979/979 927/927/927
f 927/927/927 887/887/887 955/955/955
f 604/604/604 619/619/619 508/508/508
f 508/508/508 492/492/492 604/604/604
f 45/45/45 55/55/55 27/27/27
f 27/27/27 19/19/19 45/45/45
f 320/320/320 362/362/362 358/358/358
f 358/358/358 312/312/312 320/320/320
f 306/306/306 286/286/286 405/405/405
f 405/405/405 409/409/409 306/306/306
f 1542/1542/1542 1548/1548/1548 1592/1592/1592
f 1592/1592/1592 1584/1584/1584 1542/1542/1542
f 1286/1286/1286 1252/1252/1252 1298/1298/1298
f 1298/1298/1298 1329/1329/1329 1286/1286/1286
f 36/36/36 52/52/52 64/64/64
f 64/64/64 48/48/48 36/36/36
f 766/766/766 772/772/772 858/858/858
f 858/858/858 866/866/866 766/766/766
f 643/643/643 615/615/615 563/563/563
f 563/563/563 595/595/595 643/643/643
f 1292/1292/1292 1262/1262/1262 1204/1204/1204
f 1204/1204/1204 1246/1246/1246 1292/1292/1292
f 1072/1072/1072 1019/1019/1019 1047/1047/1047
f 1047/1047/1047 1113/1113/1113 1072/1072/1072
f 150/150/150 143/143/143 82/82/82
f 82/82/82 85/85/85 150/150/150
f 674/674/674 730/730/730 778/778/778
f 778/778/778 742/742/742 674/674/674
f 200/200/200 220/220/220 119/119/119
f 119/119/119 112/112/112 200/200/200
f 1536/1536/1536 1542/1542/1542 1584/1584/1584
f 1584/1584/1584 1574/1574/1574 1536/1536/1536
f 792/792/792 786/786/786 842/842/842
f 842/842/842 836/836/836 792/792/792
f 1596/1596/1596 1602/1602/1602 1618/1618/1618
f 1618/1618/1618 1606/1606/1606 1596/1596/1596
f 650/650/650 674/674/674 742/742/742
f 742/742/742 702/702/702 650/650/650
f 1328/1328/1328 1292/1292/1292 1246/1246/1246
f 1246/1246/1246 1280/1280/1280 1328/1328/1328
f 1604/1604/1604 1598/1598/1598 1608/1608/1608
f 1608/1608/1608 1620/1620/1620 1604/1604/1604
f 1228/1228/1228 1191/1191/1191 1122/1122/1122
f 1122/1122/1122 1139/1139/1139 1228/1228/1228
f 1010/1010/1010 1026/1026/1026 1138/1138/1138
f 1138/1138/1138 1121/1121/1121 1010/1010/1010
f 582/582/582 514/514/514 554/554/554
f 554/554/554 607/607/607 582/582/582
f 1178/1178/1178 1190/1190/1190 1285/1285/1285
f 1285/1285/1285 1249/1249/1249 1178/1178/1178
f 628/628/628 547/547/547 575/575/575
f 575/575/575 636/636/636 628/628/628
f 1112/1112/1112 1046/1046/1046 1015/1015/1015
f 1015/1015/1015 1068/1068/1068 1112/1112/1112
f 473/473/473 492/492/492 401/401/401
f 401/401/401 372/372/372 473/473/473
f 1067/1067/1067 1033/1033/1033 985/985/985
f 985/985/985 1013/1013/1013 1067/1067/1067
f 1079/1079/1079 1089/1089/1089 1219/1219/1219
f 1219/1219/1219 1197/1197/1197 1079/1079/1079
f 585/585/585 517/517/517 494/494/494
f 494/494/494 574/574/574 585/585/585
f 1297/1297/1297 1315/1315/1315 1413/1413/1413
f 1413/1413/1413 1393/1393/1393 1297/1297/1297
f 708/708/708 628/628/628 636/636/636
f 636/636/636 720/720/720 708/708/708
f 1232/1232/1232 1224/1224/1224 1094/1094/1094
f 1094/1094/1094 1102/1102/1102 1232/1232/1232
f 823/823/823 829/829/829 797/797/797
f 797/797/797 803/803/803 823/823/823
f 20/20/20 28/28/28 56/56/56
f 56/56/56 46/46/46 20/20/20
f 871/871/871 963/963/963 976/976/976
f 976/976/976 891/891/891 871/871/871
f 1279/1279/1279 1297/1297/1297 1393/1393/1393
f 1393/1393/1393 1373/1373/1373 1279/1279/1279
f 361/361/361 319/319/319 339/339/339
f 339/339/339 385/385/385 361/361/361
f 511/511/511 480/480/480 421/421/421
f 421/421/421 459/459/459 511/511/511
f 1435/1435/1435 1496/1496/1496 1388/1388/1388
f 1388/1388/1388 1365/1365/1365 1435/1435/1435
f 697/697/697 691/691/691 534/534/534
f 534/534/534 538/538/538 697/697/697
f 242/242/242 208/208/208 174/174/174
f 174/174/174 230/230/230 242/242/242
f 124/124/124 164/164/164 228/228/228
f 228/228/228 194/194/194 124/124/124
f 782/782/782 788/788/788 844/844/844
f 844/844/844 850/850/850 782/782/782
f 204/204/204 134/134/134 136/136/136
f 136/136/136 205/205/205 204/204/204
f 139/139/139 206/206/206 207/207/207
f 207/207/207 141/141/141 139/139/139
f 617/617/617 600/600/600 488/488/488
f 488/488/488 506/506/506 617/617/617
f 1323/1323/1323 1342/1342/1342 1222/1222/1222
f 1222/1222/1222 1218/1218/1218 1323/1323/1323
f 65/65/65 49/49/49 50/50/50
f 50/50/50 66/66/66 65/65/65
f 1268/1268/1268 1200/1200/1200 1184/1184/1184
f 1184/1184/1184 1244/1244/1244 1268/1268/1268
f 355/355/355 372/372/372 293/293/293
f 292/292/292 266/266/266 354/354/354
f 572/572/572 580/580/580 454/454/454
f 454/454/454 442/442/442 572/572/572
f 207/207/207 249/249/249 271/271/271
f 271/271/271 233/233/233 207/207/207
f 1257/1257/1257 1279/1279/1279 1373/1373/1373
f 1375/1375/1375 1341/1341/1341 1258/1258/1258
f 975/975/975 892/892/892 873/873/873
f 873/873/873 965/965/965 975/975/975
f 479/479/479 545/545/545 553/553/553
f 553/553/553 487/487/487 479/479/479
f 1271/1271/1271 1317/1317/1317 1316/1316/1316
f 1316/1316/1316 1270/1270/1270 1271/1271/1271
f 9/9/9 5/5/5 6/6/6
f 6/6/6 10/10/10 9/9/9
f 1598/1598/1598 1588/1588/1588 1600/1600/1600
f 1600/1600/1600 1608/1608/1608 1598/1598/1598
f 57/57/57 53/53/53 25/25/25
f 25/25/25 31/31/31 57/57/57
f 625/625/625 705/705/705 706/706/706
f 706/706/706 626/626/626 625/625/625
f 526/526/526 518/518/518 392/392/392
f 392/392/392 396/396/396 526/526/526
f 619/619/619 633/633/633 532/532/532
f 532/532/532 508/508/508 619/619/619
f 252/252/252 300/300/300 349/349/349
f 349/349/349 327/327/327 252/252/252
f 1510/1510/1510 1520/1520/1520 1558/1558/1558
f 1558/1558/1558 1550/1550/1550 1510/1510/1510
f 1031/1031/1031 989/989/989 1020/1020/1020
f 1020/1020/1020 1073/1073/1073 1031/1031/1031
f 710/710/710 698/698/698 930/930/930
f 930/930/930 918/918/918 710/710/710
f 154/154/154 166/166/166 96/96/96
f 96/96/96 87/87/87 154/154/154
f 686/686/686 688/688/688 948/948/948
f 948/948/948 946/946/946 686/686/686
f 1594/1594/1594 1606/1606/1606 1605/1605/1605
f 1605/1605/1605 1593/1593/1593 1594/1594/1594
f 1565/1565/1565 1581/1581/1581 1557/1557/1557
f 1557/1557/1557 1549/1549/1549 1565/1565/1565
f 569/569/569 594/594/594 658/658/658
f 658/658/658 648/648/648 569/569/569
f 730/730/730 790/790/790 802/802/802
f 802/802/802 778/778/778 730/730/730
f 418/418/418 465/465/465 503/503/503
f 503/503/503 461/461/461 418/418/418
f 682/682/682 685/685/685 945/945/945
f 945/945/945 942/942/942 682/682/682
f 321/321/321 363/363/363 387/387/387
f 387/387/387 341/341/341 321/321/321
f 1541/1541/1541 1545/1545/1545 1480/1480/1480
f 1480/1480/1480 1472/1472/1472 1541/1541/1541
f 578/578/578 570/570/570 440/440/440
f 440/440/440 452/452/452 578/578/578
f 1349/1349/1349 1350/1350/1350 1234/1234/1234
f 1234/1234/1234 1230/1230/1230 1349/1349/1349
f 110/110/110 117/117/117 214/214/214
f 214/214/214 198/198/198 110/110/110
f 588/588/588 578/578/578 452/452/452
f 452/452/452 468/468/468 588/588/588
f 1340/1340/1340 1374/1374/1374 1439/1439/1439
f 1439/1439/1439 1407/1407/1407 1340/1340/1340
f 1579/1579/1579 1563/1563/1563 1555/1555/1555
f 1555/1555/1555 1567/1567/1567 1579/1579/1579
f 1117/1117/1117 1146/1146/1146 1060/1060/1060
f 1060/1060/1060 1035/1035/1035 1117/1117/1117
f 1296/1296/1296 1274/1274/1274 1176/1176/1176
f 1176/1176/1176 1188/1188/1188 1296/1296/1296
f 1346/1346/1346 1351/1351/1351 1475/1475/1475
f 1475/1475/1475 1463/1463/1463 1346/1346/1346
f 952/952/952 860/860/860 876/876/876
f 876/876/876 970/970/970 952/952/952
f 1343/1343/1343 1322/1322/1322 1427/1427/1427
f 1427/1427/1427 1443/1443/1443 1343/1343/1343
f 1534/1534/1534 1532/1532/1532 1572/1572/1572
f 1572/1572/1572 1576/1576/1576 1534/1534/1534
f 1133/1133/1133 1183/1183/1183 1195/1195/1195
f 1195/1195/1195 1143/1143/1143 1133/1133/1133
f 1009/1009/1009 1024/1024/1024 880/880/880
f 880/880/880 867/867/867 1009/1009/1009
f 1573/1573/1573 1583/1583/1583 1541/1541/1541
f 1541/1541/1541 1533/1533/1533 1573/1573/1573
f 400/400/400 365/365/365 289/289/289
f 289/289/289 323/323/323 400/400/400
f 1544/1544/1544 1534/1534/1534 1576/1576/1576
f 1576/1576/1576 1586/1586/1586 1544/1544/1544
f 487/487/487 553/553/553 577/577/577
f 577/577/577 497/497/497 487/487/487
f 308/308/308 285/285/285 187/187/187
f 187/187/187 197/197/197 308/308/308
f 869/869/869 865/865/865 765/765/765
f 765/765/765 761/761/761 869/869/869
f 548/548/548 538/538/538 408/408/408
f 408/408/408 430/430/430 548/548/548
f 1325/1325/1325 1385/1385/1385 1397/1397/1397
f 1397/1397/1397 1359/1359/1359 1325/1325/1325
f 703/703/703 623/623/623 624/624/624
f 624/624/624 704/704/704 703/703/703
f 1317/1317/1317 1381/1381/1381 1380/1380/1380
f 1380/1380/1380 1316/1316/1316 1317/1317/1317
f 1471/1471/1471 1421/1421/1421 1455/1455/1455
f 1454/1454/1454 1504/1504/1504 1470/1470/1470
f 358/358/358 414/414/414 415/415/415
f 415/415/415 359/359/359 358/358/358
f 1477/1477/1477 1461/1461/1461 1347/1347/1347
f 1347/1347/1347 1356/1356/1356 1477/1477/1477
f 356/356/356 310/310/310 311/311/311
f 311/311/311 357/357/357 356/356/356
f 303/303/303 243/243/243 301/301/301
f 301/301/301 334/334/334 303/303/303
f 570/570/570 548/548/548 430/430/430
f 430/430/430 440/440/440 570/570/570
f 1241/1241/1241 1237/1237/1237 1357/1357/1357
f 1357/1357/1357 1355/1355/1355 1241/1241/1241
f 518/518/518 521/521/521 389/389/389
f 389/389/389 392/392/392 518/518/518
f 1500/1500/1500 1525/1525/1525 1505/1505/1505
f 1505/1505/1505 1464/1464/1464 1500/1500/1500
f 698/698/698 692/692/692 936/936/936
f 936/936/936 930/930/930 698/698/698
f 1595/1595/1595 1601/1601/1601 1573/1573/1573
f 1573/1573/1573 1569/1569/1569 1595/1595/1595
f 794/794/794 800/800/800 832/832/832
f 832/832/832 838/838/838 794/794/794
f 1383/1383/1383 1319/1319/1319 1318/1318/1318
f 1318/1318/1318 1382/1382/1382 1383/1383/1383
f 1269/1269/1269 1201/1201/1201 1217/1217/1217
f 1217/1217/1217 1273/1273/1273 1269/1269/1269
f 696/696/696 670/670/670 786/786/786
f 786/786/786 792/792/792 696/696/696
f 114/114/114 90/90/90 102/102/102
f 102/102/102 127/127/127 114/114/114
f 1442/1442/1442 1426/1426/1426 1518/1518/1518
f 1518/1518/1518 1532/1532/1532 1442/1442/1442
f 22/22/22 10/10/10 26/26/26
f 26/26/26 32/32/32 22/22/22
f 1017/1017/1017 1070/1070/1070 1032/1032/1032
f 1032/1032/1032 987/987/987 1017/1017/1017
f 1509/1509/1509 1517/1517/1517 1428/1428/1428
f 1428/1428/1428 1408/1408/1408 1509/1509/1509
f 1159/1159/1159 1139/1139/1139 1028/1028/1028
f 1027/1027/1027 1040/1040/1040 1158/1158/1158
f 449/449/449 437/437/437 507/507/507
f 507/507/507 531/531/531 449/449/449
f 1197/1197/1197 1219/1219/1219 1320/1320/1320
f 1320/1320/1320 1315/1315/1315 1197/1197/1197
f 366/366/366 334/334/334 378/378/378
f 378/378/378 422/422/422 366/366/366
f 19/19/19 27/27/27 11/11/11
f 11/11/11 7/7/7 19/19/19
f 967/967/967 1017/1017/1017 987/987/987
f 987/987/987 951/951/951 967/967/967
f 700/700/700 712/712/712 920/920/920
f 920/920/920 932/932/932 700/700/700
f 630/630/630 714/714/714 722/722/722
f 722/722/722 638/638/638 630/630/630
f 839/839/839 899/899/899 851/851/851
f 851/851/851 827/827/827 839/839/839
f 1609/1609/1609 1613/1613/1613 1589/1589/1589
f 1589/1589/1589 1583/1583/1583 1609/1609/1609
f 553/553/553 630/630/630 638/638/638
f 638/638/638 577/577/577 553/553/553
f 474/474/474 493/493/493 605/605/605
f 606/606/606 592/592/592 475/475/475
f 960/960/960 934/934/934 986/986/986
f 986/986/986 1014/1014/1014 960/960/960
f 1274/1274/1274 1259/1259/1259 1158/1158/1158
f 1158/1158/1158 1176/1176/1176 1274/1274/1274
f 331/331/331 298/298/298 242/242/242
f 242/242/242 302/302/302 331/331/331
f 1627/1627/1627 1624/1624/1624 1623/1623/1623
f 1623/1623/1623 1626/1626/1626 1627/1627/1627
f 797/797/797 791/791/791 695/695/695
f 695/695/695 739/739/739 797/797/797
f 1120/1120/1120 1137/1137/1137 1024/1024/1024
f 1024/1024/1024 1009/1009/1009 1120/1120/1120
f 796/796/796 776/776/776 804/804/804
f 804/804/804 808/808/808 796/796/796
f 128/128/128 178/178/178 138/138/138
f 138/138/138 115/115/115 128/128/128
f 907/907/907 991/991/991 977/977/977
f 977/977/977 894/894/894 907/907/907
f 1390/1390/1390 1362/1362/1362 1434/1434/1434
f 1434/1434/1434 1499/1499/1499 1390/1390/1390
f 18/18/18 15/15/15 39/39/39
f 39/39/39 44/44/44 18/18/18
f 1011/1011/1011 997/997/997 865/865/865
f 865/865/865 869/869/869 1011/1011/1011
f 1242/1242/1242 1288/1288/1288 1261/1261/1261
f 1261/1261/1261 1210/1210/1210 1242/1242/1242
f 1124/1124/1124 1166/1166/1166 1117/1117/1117
f 1117/1117/1117 1064/1064/1064 1124/1124/1124
f 450/450/450 481/481/481 424/424/424
f 424/424/424 380/380/380 450/450/450
f 1560/1560/1560 1552/1552/1552 1568/1568/1568
f 1568/1568/1568 1588/1588/1588 1560/1560/1560
f 1089/1089/1089 1093/1093/1093 1223/1223/1223
f 1223/1223/1223 1219/1219/1219 1089/1089/1089
f 1070/1070/1070 1124/1124/1124 1064/1064/1064
f 1064/1064/1064 1032/1032/1032 1070/1070/1070
f 1421/1421/1421 1387/1387/1387 1399/1399/1399
f 1399/1399/1399 1455/1455/1455 1421/1421/1421
f 11/11/11 23/23/23 24/24/24
f 24/24/24 12/12/12 11/11/11
f 1282/1282/1282 1304/1304/1304 1227/1227/1227
f 1227/1227/1227 1192/1192/1192 1282/1282/1282
f 597/597/597 640/640/640 613/613/613
f 613/613/613 560/560/560 597/597/597
f 671/671/671 701/701/701 649/649/649
f 649/649/649 621/621/621 671/671/671
f 689/689/689 693/693/693 536/536/536
f 536/536/536 528/528/528 689/689/689
f 448/448/448 483/483/483 569/569/569
f 569/569/569 533/533/533 448/448/448
f 720/720/720 636/636/636 651/651/651
f 651/651/651 737/737/737 720/720/720
f 106/106/106 78/78/78 120/120/120
f 120/120/120 132/132/132 106/106/106
f 1087/1087/1087 1006/1006/1006 1005/1005/1005
f 1005/1005/1005 1086/1086/1086 1087/1087/1087
f 1222/1222/1222 1230/1230/1230 1100/1100/1100
f 1100/1100/1100 1092/1092/1092 1222/1222/1222
f 1332/1332/1332 1300/1300/1300 1379/1379/1379
f 1379/1379/1379 1401/1401/1401 1332/1332/1332
f 1200/1200/1200 1144/1144/1144 1134/1134/1134
f 1134/1134/1134 1184/1184/1184 1200/1200/1200
f 1218/1218/1218 1222/1222/1222 1092/1092/1092
f 1092/1092/1092 1088/1088/1088 1218/1218/1218
f 632/632/632 618/618/618 760/760/760
f 760/760/760 764/764/764 632/632/632
f 482/482/482 449/449/449 531/531/531
f 531/531/531 567/567/567 482/482/482
f 247/247/247 205/205/205 231/231/231
f 231/231/231 269/269/269 247/247/247
f 1363/1363/1363 1332/1332/1332 1401/1401/1401
f 1400/1400/1400 1434/1434/1434 1362/1362/1362
f 8/8/8 12/12/12 28/28/28
f 28/28/28 20/20/20 8/8/8
f 13/13/13 19/19/19 7/7/7
f 7/7/7 1/1/1 13/13/13
f 783/783/783 723/723/723 676/676/676
f 676/676/676 767/767/767 783/783/783
f 1208/1208/1208 1168/1168/1168 1212/1212/1212
f 1212/1212/1212 1263/1263/1263 1208/1208/1208
f 1327/1327/1327 1291/1291/1291 1311/1311/1311
f 1311/1311/1311 1361/1361/1361 1327/1327/1327
f 820/820/820 824/824/824 852/852/852
f 852/852/852 828/828/828 820/820/820
f 1621/1621/1621 1625/1625/1625 1613/1613/1613
f 1613/1613/1613 1609/1609/1609 1621/1621/1621
f 373/373/373 352/352/352 453/453/453
f 453/453/453 470/470/470 373/373/373
f 1610/1610/1610 1616/1616/1616 1628/1628/1628
f 1628/1628/1628 1622/1622/1622 1610/1610/1610
f 126/126/126 101/101/101 89/89/89
f 89/89/89 113/113/113 126/126/126
f 47/47/47 63/63/63 51/51/51
f 51/51/51 35/35/35 47/47/47
f 791/791/791 785/785/785 669/669/669
f 669/669/669 695/695/695 791/791/791
f 786/786/786 780/780/780 848/848/848
f 848/848/848 842/842/842 786/786/786
f 699/699/699 711/711/711 550/550/550
f 550/550/550 540/540/540 699/699/699
f 1284/1284/1284 1306/1306/1306 1378/1378/1378
f 1378/1378/1378 1331/1331/1331 1284/1284/1284
f 62/62/62 42/42/42 70/70/70
f 70/70/70 78/78/78 62/62/62
f 991/991/991 1052/1052/1052 1045/1045/1045
f 1045/1045/1045 977/977/977 991/991/991
f 867/867/867 880/880/880 744/744/744
f 744/744/744 759/759/759 867/867/867
f 1575/1575/1575 1571/1571/1571 1530/1530/1530
f 1530/1530/1530 1535/1535/1535 1575/1575/1575
f 16/16/16 20/20/20 46/46/46
f 46/46/46 40/40/40 16/16/16
f 41/41/41 31/31/31 21/21/21
f 21/21/21 29/29/29 41/41/41
f 118/118/118 109/109/109 69/69/69
f 69/69/69 77/77/77 118/118/118
f 481/481/481 513/513/513 462/462/462
f 462/462/462 424/424/424 481/481/481
f 573/573/573 581/581/581 728/728/728
f 728/728/728 718/718/718 573/573/573
f 1506/1506/1506 1522/1522/1522 1554/1554/1554
f 1554/1554/1554 1526/1526/1526 1506/1506/1506
f 360/360/360 318/318/318 310/310/310
f 310/310/310 356/356/356 360/360/360
f 1415/1415/1415 1395/1395/1395 1296/1296/1296
f 1296/1296/1296 1314/1314/1314 1415/1415/1415
f 601/601/601 589/589/589 732/732/732
f 732/732/732 745/745/745 601/601/601
f 72/72/72 80/80/80 117/117/117
f 117/117/117 110/110/110 72/72/72
f 1277/1277/1277 1295/1295/1295 1186/1186/1186
f 1186/1186/1186 1174/1174/1174 1277/1277/1277
f 565/565/565 597/597/597 560/560/560
f 560/560/560 504/504/504 565/565/565
f 549/549/549 539/539/539 698/698/698
f 698/698/698 710/710/710 549/549/549
f 333/333/333 316/316/316 431/431/431
f 431/431/431 441/441/441 333/333/333
f 672/672/672 702/702/702 794/794/794
f 794/794/794 788/788/788 672/672/672
f 1215/1215/1215 1271/1271/1271 1270/1270/1270
f 1270/1270/1270 1214/1214/1214 1215/1215/1215
f 1174/1174/1174 1186/1186/1186 1056/1056/1056
f 1056/1056/1056 1048/1048/1048 1174/1174/1174
f 1173/1173/1173 1131/1131/1131 1067/1067/1067
f 1067/1067/1067 1118/1118/1118 1173/1173/1173
f 1199/1199/1199 1189/1189/1189 1299/1299/1299
f 1299/1299/1299 1313/1313/1313 1199/1199/1199
f 1230/1230/1230 1234/1234/1234 1104/1104/1104
f 1104/1104/1104 1100/1100/1100 1230/1230/1230
f 1123/1123/1123 1099/1099/1099 1179/1179/1179
f 1179/1179/1179 1193/1193/1193 1123/1123/1123
f 100/100/100 110/110/110 198/198/198
f 198/198/198 188/188/188 100/100/100
f 1076/1076/1076 1142/1142/1142 1132/1132/1132
f 1132/1132/1132 1052/1052/1052 1076/1076/1076
f 1406/1406/1406 1438/1438/1438 1506/1506/1506
f 1506/1506/1506 1466/1466/1466 1406/1406/1406
f 477/477/477 413/413/413 429/429/429
f 429/429/429 485/485/485 477/477/477
f 732/732/732 726/726/726 902/902/902
f 902/902/902 896/896/896 732/732/732
f 1450/1450/1450 1501/1501/1501 1514/1514/1514
f 1514/1514/1514 1490/1490/1490 1450/1450/1450
f 961/961/961 905/905/905 853/853/853
f 853/853/853 889/889/889 961/961/961
f 605/605/605 620/620/620 762/762/762
f 762/762/762 749/749/749 605/605/605
f 170/170/170 150/150/150 85/85/85
f 85/85/85 93/93/93 170/170/170
f 692/692/692 680/680/680 940/940/940
f 940/940/940 936/936/936 692/692/692
f 205/205/205 136/136/136 176/176/176
f 176/176/176 231/231/231 205/205/205
f 404/404/404 396/396/396 282/282/282
f 282/282/282 285/285/285 404/404/404
f 900/900/900 956/956/956 990/990/990
f 990/990/990 954/954/954 900/900/900
f 398/398/398 406/406/406 287/287/287
f 287/287/287 281/281/281 398/398/398
f 76/76/76 104/104/104 124/124/124
f 124/124/124 108/108/108 76/76/76
f 824/824/824 830/830/830 888/888/888
f 888/888/888 852/852/852 824/824/824
f 1000/1000/1000 1077/1077/1077 1085/1085/1085
f 1085/1085/1085 1004/1004/1004 1000/1000/1000
f 318/318/318 268/268/268 246/246/246
f 246/246/246 310/310/310 318/318/318
f 394/394/394 398/398/398 281/281/281
f 281/281/281 278/278/278 394/394/394
f 101/101/101 73/73/73 65/65/65
f 65/65/65 89/89/89 101/101/101
f 1128/1128/1128 1170/1170/1170 1211/1211/1211
f 1211/1211/1211 1162/1162/1162 1128/1128/1128
f 1306/1306/1306 1340/1340/1340 1407/1407/1407
f 1407/1407/1407 1378/1378/1378 1306/1306/1306
f 1135/1135/1135 1055/1055/1055 1083/1083/1083
f 1083/1083/1083 1145/1145/1145 1135/1135/1135
f 1214/1214/1214 1270/1270/1270 1266/1266/1266
f 1266/1266/1266 1194/1194/1194 1214/1214/1214
f 1571/1571/1571 1559/1559/1559 1519/1519/1519
f 1519/1519/1519 1530/1530/1530 1571/1571/1571
f 917/917/917 929/929/929 697/697/697
f 697/697/697 709/709/709 917/917/917
f 1619/1619/1619 1607/1607/1607 1597/1597/1597
f 1597/1597/1597 1603/1603/1603 1619/1619/1619
f 1059/1059/1059 1051/1051/1051 1177/1177/1177
f 1177/1177/1177 1189/1189/1189 1059/1059/1059
f 667/667/667 643/643/643 595/595/595
f 595/595/595 642/642/642 667/667/667
f 851/851/851 887/887/887 829/829/829
f 829/829/829 823/823/823 851/851/851
f 803/803/803 797/797/797 739/739/739
f 739/739/739 775/775/775 803/803/803
f 998/998/998 984/984/984 1063/1063/1063
f 1063/1063/1063 1099/1099/1099 998/998/998
f 81/81/81 87/87/87 45/45/45
f 45/45/45 37/37/37 81/81/81
f 959/959/959 933/933/933 837/837/837
f 837/837/837 843/843/843 959/959/959
f 219/219/219 203/203/203 306/306/306
f 306/306/306 316/316/316 219/219/219
f 781/781/781 787/787/787 671/671/671
f 671/671/671 657/657/657 781/781/781
f 634/634/634 648/648/648 772/772/772
f 772/772/772 766/766/766 634/634/634
f 1304/1304/1304 1338/1338/1338 1265/1265/1265
f 1265/1265/1265 1227/1227/1227 1304/1304/1304
f 941/941/941 944/944/944 684/684/684
f 684/684/684 681/681/681 941/941/941
f 1326/1326/1326 1290/1290/1290 1262/1262/1262
f 1262/1262/1262 1292/1292/1292 1326/1326/1326
f 971/971/971 981/981/981 855/855/855
f 855/855/855 847/847/847 971/971/971
f 836/836/836 842/842/842 958/958/958
f 958/958/958 928/928/928 836/836/836
f 1058/1058/1058 1050/1050/1050 903/903/903
f 903/903/903 913/913/913 1058/1058/1058
f 620/620/620 634/634/634 766/766/766
f 766/766/766 762/762/762 620/620/620
f 287/287/287 307/307/307 201/201/201
f 201/201/201 183/183/183 287/287/287
f 1570/1570/1570 1574/1574/1574 1602/1602/1602
f 1602/1602/1602 1596/1596/1596 1570/1570/1570
f 702/702/702 742/742/742 800/800/800
f 800/800/800 794/794/794 702/702/702
f 1303/1303/1303 1281/1281/1281 1191/1191/1191
f 1191/1191/1191 1228/1228/1228 1303/1303/1303
f 1624/1624/1624 1620/1620/1620 1619/1619/1619
f 1619/1619/1619 1623/1623/1623 1624/1624/1624
f 636/636/636 575/575/575 582/582/582
f 582/582/582 651/651/651 636/636/636
f 1131/1131/1131 1069/1069/1069 1033/1033/1033
f 1033/1033/1033 1067/1067/1067 1131/1131/1131
f 1187/1187/1187 1197/1197/1197 1315/1315/1315
f 1315/1315/1315 1297/1297/1297 1187/1187/1187
f 173/173/173 189/189/189 284/284/284
f 284/284/284 283/283/283 173/173/173
f 538/538/538 534/534/534 404/404/404
f 404/404/404 408/408/408 538/538/538
f 1110/1110/1110 1102/1102/1102 949/949/949
f 949/949/949 947/947/947 1110/1110/1110
f 579/579/579 571/571/571 716/716/716
f 716/716/716 726/726/726 579/579/579
f 1062/1062/1062 1042/1042/1042 973/973/973
f 973/973/973 983/983/983 1062/1062/1062
f 413/413/413 357/357/357 361/361/361
f 361/361/361 429/429/429 413/413/413
f 726/726/726 716/716/716 912/912/912
f 912/912/912 902/902/902 726/726/726
f 108/108/108 124/124/124 194/194/194
f 194/194/194 133/133/133 108/108/108
f 52/52/52 68/68/68 76/76/76
f 76/76/76 64/64/64 52/52/52
f 1446/1446/1446 1462/1462/1462 1536/1536/1536
f 1536/1536/1536 1529/1529/1529 1446/1446/1446
f 141/141/141 207/207/207 233/233/233
f 233/233/233 181/181/181 141/141/141
f 947/947/947 949/949/949 689/689/689
f 689/689/689 687/687/687 947/947/947
f 1244/1244/1244 1184/1184/1184 1164/1164/1164
f 1164/1164/1164 1213/1213/1213 1244/1244/1244
f 913/913/913 903/903/903 727/727/727
f 727/727/727 717/717/717 913/913/913
f 66/66/66 50/50/50 62/62/62
f 62/62/62 74/74/74 66/66/66
f 359/359/359 415/415/415 435/435/435
f 435/435/435 363/363/363 359/359/359
f 69/69/69 57/57/57 31/31/31
f 31/31/31 41/41/41 69/69/69
f 442/442/442 454/454/454 354/354/354
f 354/354/354 332/332/332 442/442/442
f 711/711/711 717/717/717 572/572/572
f 572/572/572 550/550/550 711/711/711
f 993/993/993 909/909/909 892/892/892
f 892/892/892 975/975/975 993/993/993
f 215/215/215 241/241/241 335/335/335
f 335/335/335 314/314/314 215/215/215
f 532/532/532 568/568/568 481/481/481
f 481/481/481 450/450/450 532/532/532
f 1016/1016/1016 966/966/966 953/953/953
f 953/953/953 988/988/988 1016/1016/1016
f 319/319/319 269/269/269 303/303/303
f 303/303/303 339/339/339 319/319/319
f 414/414/414 478/478/478 479/479/479
f 479/479/479 415/415/415 414/414/414
f 433/433/433 443/443/443 573/573/573
f 573/573/573 551/551/551 433/433/433
f 1488/1488/1488 1513/1513/1513 1500/1500/1500
f 1500/1500/1500 1448/1448/1448 1488/1488/1488
f 1321/1321/1321 1314/1314/1314 1198/1198/1198
f 1198/1198/1198 1220/1220/1220 1321/1321/1321
f 691/691/691 679/679/679 526/526/526
f 526/526/526 534/534/534 691/691/691
f 27/27/27 33/33/33 23/23/23
f 23/23/23 11/11/11 27/27/27
f 748/748/748 761/761/761 619/619/619
f 619/619/619 604/604/604 748/748/748
f 87/87/87 96/96/96 55/55/55
f 55/55/55 45/45/45 87/87/87
f 165/165/165 213/213/213 252/252/252
f 252/252/252 229/229/229 165/165/165
f 1522/1522/1522 1550/1550/1550 1566/1566/1566
f 1566/1566/1566 1554/1554/1554 1522/1522/1522
f 787/787/787 793/793/793 701/701/701
f 701/701/701 671/671/671 787/787/787
f 1422/1422/1422 1489/1489/1489 1449/1449/1449
f 1449/1449/1449 1396/1396/1396 1422/1422/1422
f 611/611/611 558/558/558 517/517/517
f 517/517/517 585/585/585 611/611/611
f 387/387/387 447/447/447 465/465/465
f 465/465/465 418/418/418 387/387/387
f 1577/1577/1577 1593/1593/1593 1581/1581/1581
f 1581/1581/1581 1565/1565/1565 1577/1577/1577
f 1290/1290/1290 1244/1244/1244 1213/1213/1213
f 1213/1213/1213 1262/1262/1262 1290/1290/1290
f 1521/1521/1521 1549/1549/1549 1509/1509/1509
f 1509/1509/1509 1496/1496/1496 1521/1521/1521
f 1050/1050/1050 1040/1040/1040 897/897/897
f 897/897/897 903/903/903 1050/1050/1050
f 862/862/862 951/951/951 899/899/899
f 899/899/899 839/839/839 862/862/862
f 5/5/5 2/2/2 3/3/3
f 3/3/3 6/6/6 5/5/5
f 927/927/927 957/957/957 841/841/841
f 841/841/841 835/835/835 927/927/927
f 1345/1345/1345 1346/1346/1346 1463/1463/1463
f 1463/1463/1463 1447/1447/1447 1345/1345/1345
f 1520/1520/1520 1529/1529/1529 1570/1570/1570
f 1570/1570/1570 1558/1558/1558 1520/1520/1520
f 571/571/571 549/549/549 710/710/710
f 710/710/710 716/716/716 571/571/571
f 850/850/850 844/844/844 960/960/960
f 960/960/960 974/974/974 850/850/850
f 17/17/17 14/14/14 2/2/2
f 2/2/2 5/5/5 17/17/17
f 848/848/848 856/856/856 982/982/982
f 982/982/982 972/972/972 848/848/848
f 729/729/729 789/789/789 773/773/773
f 773/773/773 678/678/678 729/729/729
f 1547/1547/1547 1544/1544/1544 1586/1586/1586
f 1586/1586/1586 1591/1591/1591 1547/1547/1547
f 384/384/384 338/338/338 318/318/318
f 318/318/318 360/360/360 384/384/384
f 500/500/500 458/458/458 419/419/419
f 419/419/419 466/466/466 500/500/500
f 826/826/826 822/822/822 834/834/834
f 834/834/834 854/854/854 826/826/826
f 962/962/962 906/906/906 952/952/952
f 952/952/952 989/989/989 962/962/962
f 1262/1262/1262 1213/1213/1213 1172/1172/1172
f 1172/1172/1172 1204/1204/1204 1262/1262/1262
f 1115/1115/1115 1162/1162/1162 1183/1183/1183
f 1183/1183/1183 1133/1133/1133 1115/1115/1115
f 1077/1077/1077 1143/1143/1143 1151/1151/1151
f 1151/1151/1151 1085/1085/1085 1077/1077/1077
f 1518/1518/1518 1511/1511/1511 1552/1552/1552
f 1552/1552/1552 1560/1560/1560 1518/1518/1518
f 1531/1531/1531 1533/1533/1533 1456/1456/1456
f 1456/1456/1456 1440/1440/1440 1531/1531/1531
f 415/415/415 479/479/479 487/487/487
f 487/487/487 435/435/435 415/415/415
f 1535/1535/1535 1530/1530/1530 1444/1444/1444
f 1444/1444/1444 1460/1460/1460 1535/1535/1535
f 342/342/342 322/322/322 250/250/250
f 250/250/250 298/298/298 342/342/342
f 1552/1552/1552 1524/1524/1524 1556/1556/1556
f 1556/1556/1556 1568/1568/1568 1552/1552/1552
f 325/325/325 345/345/345 299/299/299
f 299/299/299 251/251/251 325/325/325
f 1309/1309/1309 1359/1359/1359 1381/1381/1381
f 1381/1381/1381 1317/1317/1317 1309/1309/1309
f 1528/1528/1528 1504/1504/1504 1516/1516/1516
f 1516/1516/1516 1540/1540/1540 1528/1528/1528
f 1146/1146/1146 1180/1180/1180 1096/1096/1096
f 1096/1096/1096 1060/1060/1060 1146/1146/1146
f 334/334/334 301/301/301 346/346/346
f 346/346/346 378/378/378 334/334/334
f 1352/1352/1352 1356/1356/1356 1236/1236/1236
f 1236/1236/1236 1238/1238/1238 1352/1352/1352
f 428/428/428 360/360/360 356/356/356
f 356/356/356 412/412/412 428/428/428
f 725/725/725 715/715/715 570/570/570
f 570/570/570 578/578/578 725/725/725
f 1513/1513/1513 1537/1537/1537 1525/1525/1525
f 1525/1525/1525 1500/1500/1500 1513/1513/1513
f 1311/1311/1311 1269/1269/1269 1273/1273/1273
f 1273/1273/1273 1319/1319/1319 1311/1311/1311
f 629/629/629 713/713/713 705/705/705
f 705/705/705 625/625/625 629/629/629
f 102/102/102 74/74/74 106/106/106
f 106/106/106 122/122/122 102/102/102
f 679/679/679 681/681/681 518/518/518
f 518/518/518 526/526/526 679/679/679
f 1322/1322/1322 1313/1313/1313 1411/1411/1411
f 1411/1411/1411 1427/1427/1427 1322/1322/1322
f 213/213/213 245/245/245 300/300/300
f 300/300/300 252/252/252 213/213/213
f 1424/1424/1424 1382/1382/1382 1360/1360/1360
f 1360/1360/1360 1398/1398/1398 1424/1424/1424
f 127/127/127 102/102/102 122/122/122
f 122/122/122 160/160/160 127/127/127
f 668/668/668 644/644/644 696/696/696
f 696/696/696 740/740/740 668/668/668
f 32/32/32 26/26/26 54/54/54
f 54/54/54 58/58/58 32/32/32
f 29/29/29 21/21/21 22/22/22
f 22/22/22 30/30/30 29/29/29
f 724/724/724 668/668/668 740/740/740
f 740/740/740 776/776/776 724/724/724
f 1473/1473/1473 1483/1483/1483 1353/1353/1353
f 1353/1353/1353 1350/1350/1350 1473/1473/1473
f 1385/1385/1385 1418/1418/1418 1451/1451/1451
f 1451/1451/1451 1397/1397/1397 1385/1385/1385
f 546/546/546 484/484/484 476/476/476
f 476/476/476 542/542/542 546/546/546
f 638/638/638 722/722/722 738/738/738
f 738/738/738 653/653/653 638/638/638
f 545/545/545 626/626/626 630/630/630
f 630/630/630 553/553/553 545/545/545
f 957/957/957 971/971/971 847/847/847
f 847/847/847 841/841/841 957/957/957
f 997/997/997 983/983/983 857/857/857
f 857/857/857 865/865/865 997/997/997
f 885/885/885 870/870/870 1012/1012/1012
f 1012/1012/1012 1029/1029/1029 885/885/885
f 1397/1397/1397 1451/1451/1451 1491/1491/1491
f 1491/1491/1491 1423/1423/1423 1397/1397/1397
f 1329/1329/1329 1298/1298/1298 1327/1327/1327
f 1327/1327/1327 1387/1387/1387 1329/1329/1329
f 889/889/889 853/853/853 825/825/825
f 825/825/825 831/831/831 889/889/889
f 35/35/35 51/51/51 52/52/52
f 52/52/52 36/36/36 35/35/35
f 351/351/351 370/370/370 475/475/475
f 475/475/475 455/455/455 351/351/351
f 695/695/695 669/669/669 615/615/615
f 615/615/615 643/643/643 695/695/695
f 741/741/741 777/777/777 729/729/729
f 729/729/729 673/673/673 741/741/741
f 1093/1093/1093 1101/1101/1101 1231/1231/1231
f 1231/1231/1231 1223/1223/1223 1093/1093/1093
f 55/55/55 59/59/59 33/33/33
f 33/33/33 27/27/27 55/55/55
f 123/123/123 162/162/162 128/128/128
f 128/128/128 103/103/103 123/123/123
f 1511/1511/1511 1499/1499/1499 1524/1524/1524
f 1524/1524/1524 1552/1552/1552 1511/1511/1511
f 712/712/712 718/718/718 914/914/914
f 914/914/914 920/920/920 712/712/712
f 1163/1163/1163 1210/1210/1210 1167/1167/1167
f 1167/1167/1167 1125/1125/1125 1163/1163/1163
f 745/745/745 732/732/732 896/896/896
f 896/896/896 881/881/881 745/745/745
f 762/762/762 766/766/766 866/866/866
f 866/866/866 870/870/870 762/762/762
f 704/704/704 624/624/624 628/628/628
f 628/628/628 708/708/708 704/704/704
f 644/644/644 616/616/616 670/670/670
f 670/670/670 696/696/696 644/644/644
f 304/304/304 340/340/340 320/320/320
f 320/320/320 270/270/270 304/304/304
f 345/345/345 381/381/381 330/330/330
f 330/330/330 299/299/299 345/345/345
f 987/987/987 1032/1032/1032 979/979/979
f 979/979/979 955/955/955 987/987/987
f 34/34/34 48/48/48 72/72/72
f 72/72/72 60/60/60 34/34/34
f 1379/1379/1379 1329/1329/1329 1387/1387/1387
f 1387/1387/1387 1421/1421/1421 1379/1379/1379
f 1504/1504/1504 1454/1454/1454 1494/1494/1494
f 1494/1494/1494 1516/1516/1516 1504/1504/1504
f 1180/1180/1180 1192/1192/1192 1120/1120/1120
f 1120/1120/1120 1096/1096/1096 1180/1180/1180
f 963/963/963 1021/1021/1021 1044/1044/1044
f 1044/1044/1044 976/976/976 963/963/963
f 1202/1202/1202 1248/1248/1248 1293/1293/1293
f 1293/1293/1293 1254/1254/1254 1202/1202/1202
f 1152/1152/1152 1086/1086/1086 1082/1082/1082
f 1082/1082/1082 1144/1144/1144 1152/1152/1152
f 1088/1088/1088 1092/1092/1092 935/935/935
f 935/935/935 929/929/929 1088/1088/1088
f 1255/1255/1255 1226/1226/1226 1301/1301/1301
f 1301/1301/1301 1333/1333/1333 1255/1255/1255
f 407/407/407 411/411/411 541/541/541
f 541/541/541 537/537/537 407/407/407
f 1434/1434/1434 1400/1400/1400 1470/1470/1470
f 1470/1470/1470 1508/1508/1508 1434/1434/1434
f 567/567/567 531/531/531 632/632/632
f 632/632/632 646/646/646 567/567/567
f 457/457/457 423/423/423 482/482/482
f 482/482/482 512/512/512 457/457/457
f 1550/1550/1550 1558/1558/1558 1582/1582/1582
f 1582/1582/1582 1566/1566/1566 1550/1550/1550
f 1106/1106/1106 1110/1110/1110 947/947/947
f 947/947/947 943/943/943 1106/1106/1106
f 310/310/310 246/246/246 247/247/247
f 247/247/247 311/311/311 310/310/310
f 1499/1499/1499 1434/1434/1434 1508/1508/1508
f 1508/1508/1508 1524/1524/1524 1499/1499/1499
f 940/940/940 942/942/942 1105/1105/1105
f 1105/1105/1105 1101/1101/1101 940/940/940
f 1/1/1 7/7/7 8/8/8
f 8/8/8 4/4/4 1/1/1
f 1298/1298/1298 1263/1263/1263 1291/1291/1291
f 1291/1291/1291 1327/1327/1327 1298/1298/1298
f 520/520/520 524/524/524 394/394/394
f 394/394/394 388/388/388 520/520/520
f 669/669/669 655/655/655 586/586/586
f 586/586/586 615/615/615 669/669/669
f 274/274/274 278/278/278 155/155/155
f 155/155/155 145/145/145 274/274/274
f 958/958/958 972/972/972 1036/1036/1036
f 1036/1036/1036 1008/1008/1008 958/958/958
f 1538/1538/1538 1562/1562/1562 1561/1561/1561
f 1561/1561/1561 1537/1537/1537 1538/1538/1538
f 936/936/936 940/940/940 1101/1101/1101
f 1101/1101/1101 1093/1093/1093 936/936/936
f 804/804/804 798/798/798 830/830/830
f 830/830/830 824/824/824 804/804/804
f 329/329/329 291/291/291 374/374/374
f 374/374/374 403/403/403 329/329/329
f 1618/1618/1618 1622/1622/1622 1621/1621/1621
f 1621/1621/1621 1617/1617/1617 1618/1618/1618
f 950/950/950 938/938/938 1095/1095/1095
f 1095/1095/1095 1103/1103/1103 950/950/950
f 209/209/209 159/159/159 126/126/126
f 125/125/125 174/174/174 208/208/208
f 59/59/59 71/71/71 47/47/47
f 47/47/47 33/33/33 59/59/59
f 1247/1247/1247 1205/1205/1205 1147/1147/1147
f 1147/1147/1147 1181/1181/1181 1247/1247/1247
f 540/540/540 550/550/550 432/432/432
f 432/432/432 410/410/410 540/540/540
f 1122/1122/1122 1098/1098/1098 997/997/997
f 997/997/997 1011/1011/1011 1122/1122/1122
f 1201/1201/1201 1145/1145/1145 1153/1153/1153
f 1153/1153/1153 1217/1217/1217 1201/1201/1201
f 688/688/688 690/690/690 950/950/950
f 950/950/950 948/948/948 688/688/688
f 718/718/718 728/728/728 904/904/904
f 904/904/904 914/914/914 718/718/718
f 618/618/618 602/602/602 746/746/746
f 746/746/746 760/760/760 618/618/618
f 1611/1611/1611 1603/1603/1603 1575/1575/1575
f 1575/1575/1575 1585/1585/1585 1611/1611/1611
f 1250/1250/1250 1282/1282/1282 1192/1192/1192
f 1192/1192/1192 1180/1180/1180 1250/1250/1250
f 352/352/352 333/333/333 441/441/441
f 441/441/441 453/453/453 352/352/352
f 431/431/431 409/409/409 539/539/539
f 539/539/539 549/549/549 431/431/431
f 129/129/129 180/180/180 212/212/212
f 212/212/212 164/164/164 129/129/129
f 1154/1154/1154 1174/1174/1174 1048/1048/1048
f 1048/1048/1048 1037/1037/1037 1154/1154/1154
f 1453/1453/1453 1398/1398/1398 1386/1386/1386
f 1386/1386/1386 1420/1420/1420 1453/1453/1453
f 505/505/505 561/561/561 515/515/515
f 515/515/515 467/467/467 505/505/505
f 230/230/230 174/174/174 134/134/134
f 134/134/134 204/204/204 230/230/230
f 594/594/594 622/622/622 672/672/672
f 672/672/672 658/658/658 594/594/594
f 67/67/67 91/91/91 92/92/92
f 92/92/92 68/68/68 67/67/67
f 248/248/248 312/312/312 313/313/313
f 313/313/313 249/249/249 248/248/248
f 1002/1002/1002 922/922/922 926/926/926
f 926/926/926 1006/1006/1006 1002/1002/1002
f 1086/1086/1086 1005/1005/1005 1001/1001/1001
f 1001/1001/1001 1082/1082/1082 1086/1086/1086
f 73/73/73 61/61/61 49/49/49
f 49/49/49 65/65/65 73/73/73
f 1226/1226/1226 1193/1193/1193 1287/1287/1287
f 1287/1287/1287 1301/1301/1301 1226/1226/1226
f 193/193/193 131/131/131 105/105/105
f 105/105/105 121/121/121 193/193/193
f 362/362/362 434/434/434 414/414/414
f 414/414/414 358/358/358 362/362/362
f 609/609/609 661/661/661 675/675/675
f 675/675/675 641/641/641 609/609/609
f 1417/1417/1417 1466/1466/1466 1501/1501/1501
f 1502/1502/1502 1451/1451/1451 1418/1418/1418
f 285/285/285 282/282/282 171/171/171
f 171/171/171 187/187/187 285/285/285
f 1558/1558/1558 1570/1570/1570 1596/1596/1596
f 1596/1596/1596 1582/1582/1582 1558/1558/1558
f 835/835/835 841/841/841 785/785/785
f 785/785/785 791/791/791 835/835/835
f 281/281/281 287/287/287 183/183/183
f 183/183/183 167/167/167 281/281/281
f 524/524/524 528/528/528 398/398/398
f 398/398/398 394/394/394 524/524/524
f 828/828/828 852/852/852 900/900/900
f 900/900/900 840/840/840 828/828/828
f 924/924/924 1004/1004/1004 1003/1003/1003
f 1003/1003/1003 923/923/923 924/924/924
f 1562/1562/1562 1578/1578/1578 1577/1577/1577
f 1577/1577/1577 1561/1561/1561 1562/1562/1562
f 1185/1185/1185 1135/1135/1135 1145/1145/1145
f 1145/1145/1145 1201/1201/1201 1185/1185/1185
f 763/763/763 759/759/759 617/617/617
f 617/617/617 631/631/631 763/763/763
f 1186/1186/1186 1196/1196/1196 1078/1078/1078
f 1078/1078/1078 1056/1056/1056 1186/1186/1186
f 159/159/159 121/121/121 101/101/101
f 101/101/101 126/126/126 159/159/159
f 550/550/550 572/572/572 442/442/442
f 442/442/442 432/432/432 550/550/550
f 904/904/904 898/898/898 1041/1041/1041
f 1041/1041/1041 1051/1051/1051 904/904/904
f 670/670/670 656/656/656 780/780/780
f 780/780/780 786/786/786 670/670/670
f 307/307/307 317/317/317 221/221/221
f 221/221/221 201/201/201 307/307/307
f 536/536/536 540/540/540 410/410/410
f 410/410/410 406/406/406 536/536/536
f 1620/1620/1620 1608/1608/1608 1607/1607/1607
f 1607/1607/1607 1619/1619/1619 1620/1620/1620
f 899/899/899 955/955/955 887/887/887
f 887/887/887 851/851/851 899/899/899
f 1567/1567/1567 1555/1555/1555 1523/1523/1523
f 1523/1523/1523 1551/1551/1551 1567/1567/1567
f 280/280/280 273/273/273 393/393/393
f 393/393/393 397/397/397 280/280/280
f 493/493/493 509/509/509 620/620/620
f 620/620/620 605/605/605 493/493/493
f 969/969/969 875/875/875 893/893/893
f 893/893/893 978/978/978 969/969/969
f 1055/1055/1055 994/994/994 1002/1002/1002
f 1002/1002/1002 1083/1083/1083 1055/1055/1055
f 622/622/622 650/650/650 702/702/702
f 702/702/702 672/672/672 622/622/622
f 1576/1576/1576 1572/1572/1572 1598/1598/1598
f 1598/1598/1598 1604/1604/1604 1576/1576/1576
f 286/286/286 280/280/280 397/397/397
f 397/397/397 405/405/405 286/286/286
f 1118/1118/1118 1067/1067/1067 1013/1013/1013
f 1013/1013/1013 1042/1042/1042 1118/1118/1118
f 111/111/111 98/98/98 184/184/184
f 184/184/184 202/202/202 111/111/111
f 283/283/283 284/284/284 407/407/407
f 407/407/407 399/399/399 283/283/283
f 1051/1051/1051 1041/1041/1041 1161/1161/1161
f 1161/1161/1161 1177/1177/1177 1051/1051/1051
f 88/88/88 94/94/94 172/172/172
f 172/172/172 156/156/156 88/88/88
f 627/627/627 546/546/546 542/542/542
f 542/542/542 623/623/623 627/627/627
f 759/759/759 744/744/744 600/600/600
f 600/600/600 617/617/617 759/759/759
f 819/819/819 823/823/823 803/803/803
f 803/803/803 807/807/807 819/819/819
f 736/736/736 654/654/654 635/635/635
f 635/635/635 719/719/719 736/736/736
f 434/434/434 486/486/486 478/478/478
f 478/478/478 414/414/414 434/434/434
f 417/417/417 467/467/467 446/446/446
f 446/446/446 386/386/386 417/417/417
f 709/709/709 697/697/697 538/538/538
f 538/538/538 548/548/548 709/709/709
f 1288/1288/1288 1324/1324/1324 1294/1294/1294
f 1294/1294/1294 1261/1261/1261 1288/1288/1288
f 1505/1505/1505 1521/1521/1521 1496/1496/1496
f 1496/1496/1496 1435/1435/1435 1505/1505/1505
f 943/943/943 947/947/947 687/687/687
f 687/687/687 683/683/683 943/943/943
f 1495/1495/1495 1425/1425/1425 1424/1424/1424
f 1424/1424/1424 1493/1493/1493 1495/1495/1495
f 1053/1053/1053 1133/1133/1133 1143/1143/1143
f 1143/1143/1143 1077/1077/1077 1053/1053/1053
f 1004/1004/1004 1085/1085/1085 1084/1084/1084
f 1084/1084/1084 1003/1003/1003 1004/1004/1004
f 1516/1516/1516 1494/1494/1494 1492/1492/1492
f 1492/1492/1492 1515/1515/1515 1516/1516/1516
f 1527/1527/1527 1503/1503/1503 1468/1468/1468
f 1468/1468/1468 1507/1507/1507 1527/1527/1527
f 575/575/575 495/495/495 514/514/514
f 514/514/514 582/582/582 575/575/575
f 806/806/806 810/810/810 822/822/822
f 822/822/822 826/826/826 806/806/806
f 1273/1273/1273 1217/1217/1217 1216/1216/1216
f 1216/1216/1216 1272/1272/1272 1273/1273/1273
f 525/525/525 529/529/529 690/690/690
f 690/690/690 688/688/688 525/525/525
f 908/908/908 992/992/992 1000/1000/1000
f 1000/1000/1000 916/916/916 908/908/908
f 1482/1482/1482 1477/1477/1477 1356/1356/1356
f 1356/1356/1356 1352/1352/1352 1482/1482/1482
f 1046/1046/1046 975/975/975 965/965/965
f 965/965/965 1015/1015/1015 1046/1046/1046
f 309/309/309 314/314/314 433/433/433
f 433/433/433 411/411/411 309/309/309
f 1490/1490/1490 1514/1514/1514 1513/1513/1513
f 1513/1513/1513 1488/1488/1488 1490/1490/1490
f 626/626/626 706/706/706 714/714/714
f 714/714/714 630/630/630 626/626/626
f 1396/1396/1396 1449/1449/1449 1416/1416/1416
f 1416/1416/1416 1384/1384/1384 1396/1396/1396
f 552/552/552 629/629/629 625/625/625
f 625/625/625 544/544/544 552/552/552
f 1224/1224/1224 1220/1220/1220 1090/1090/1090
f 1090/1090/1090 1094/1094/1094 1224/1224/1224
f 986/986/986 962/962/962 989/989/989
f 989/989/989 1031/1031/1031 986/986/986
f 1358/1358/1358 1396/1396/1396 1384/1384/1384
f 1384/1384/1384 1324/1324/1324 1358/1358/1358
f 676/676/676 642/642/642 612/612/612
f 612/612/612 664/664/664 676/676/676
f 195/195/195 229/229/229 297/297/297
f 295/295/295 262/262/262 194/194/194
f 1553/1553/1553 1565/1565/1565 1549/1549/1549
f 1549/1549/1549 1521/1521/1521 1553/1553/1553
f 1176/1176/1176 1158/1158/1158 1040/1040/1040
f 1040/1040/1040 1050/1050/1050 1176/1176/1176
f 50/50/50 30/30/30 42/42/42
f 42/42/42 62/62/62 50/50/50
f 454/454/454 472/472/472 371/371/371
f 371/371/371 354/354/354 454/454/454
f 568/568/568 593/593/593 513/513/513
f 513/513/513 481/481/481 568/568/568
f 902/902/902 912/912/912 1057/1057/1057
f 1057/1057/1057 1049/1049/1049 902/902/902
f 1156/1156/1156 1175/1175/1175 1279/1279/1279
f 1279/1279/1279 1257/1257/1257 1156/1156/1156
f 514/514/514 464/464/464 498/498/498
f 498/498/498 554/554/554 514/514/514
f 1568/1568/1568 1556/1556/1556 1564/1564/1564
f 1564/1564/1564 1580/1580/1580 1568/1568/1568
f 25/25/25 17/17/17 5/5/5
f 5/5/5 9/9/9 25/25/25
f 761/761/761 765/765/765 633/633/633
f 633/633/633 619/619/619 761/761/761
f 984/984/984 974/974/974 1043/1043/1043
f 1043/1043/1043 1063/1063/1063 984/984/984
f 1580/1580/1580 1564/1564/1564 1563/1563/1563
f 1563/1563/1563 1579/1579/1579 1580/1580/1580
f 854/854/854 834/834/834 846/846/846
f 846/846/846 906/906/906 854/854/854
f 843/843/843 837/837/837 793/793/793
f 793/793/793 787/787/787 843/843/843
f 683/683/683 687/687/687 524/524/524
f 524/524/524 520/520/520 683/683/683
f 117/117/117 133/133/133 240/240/240
f 240/240/240 214/214/214 117/117/117
f 466/466/466 419/419/419 384/384/384
f 384/384/384 444/444/444 466/466/466
f 919/919/919 913/913/913 717/717/717
f 717/717/717 711/711/711 919/919/919
f 890/890/890 854/854/854 906/906/906
f 906/906/906 962/962/962 890/890/890
f 1048/1048/1048 1056/1056/1056 911/911/911
f 911/911/911 901/901/901 1048/1048/1048
f 250/250/250 224/224/224 158/158/158
f 158/158/158 208/208/208 250/250/250
f 535/535/535 527/527/527 680/680/680
f 680/680/680 692/692/692 535/535/535
f 436/436/436 400/400/400 323/323/323
f 323/323/323 343/343/343 436/436/436
f 529/529/529 537/537/537 694/694/694
f 694/694/694 690/690/690 529/529/529
f 1429/1429/1429 1441/1441/1441 1342/1342/1342
f 1342/1342/1342 1323/1323/1323 1429/1429/1429
f 608/608/608 555/555/555 598/598/598
f 598/598/598 639/639/639 608/608/608
f 451/451/451 436/436/436 343/343/343
f 343/343/343 377/377/377 451/451/451
f 884/884/884 869/869/869 761/761/761
f 761/761/761 748/748/748 884/884/884
f 1134/1134/1134 1054/1054/1054 1046/1046/1046
f 1046/1046/1046 1112/1112/1112 1134/1134/1134
f 372/372/372 401/401/401 324/324/324
f 324/324/324 293/293/293 372/372/372
f 918/918/918 930/930/930 1089/1089/1089
f 1089/1089/1089 1079/1079/1079 918/918/918
f 336/336/336 315/315/315 217/217/217
f 217/217/217 237/237/237 336/336/336
f 513/513/513 565/565/565 504/504/504
f 504/504/504 462/462/462 513/513/513
f 314/314/314 335/335/335 443/443/443
f 443/443/443 433/433/433 314/314/314
f 1564/1564/1564 1540/1540/1540 1539/1539/1539
f 1539/1539/1539 1563/1563/1563 1564/1564/1564
f 1514/1514/1514 1538/1538/1538 1537/1537/1537
f 1537/1537/1537 1513/1513/1513 1514/1514/1514
f 1234/1234/1234 1239/1239/1239 1107/1107/1107
f 1107/1107/1107 1104/1104/1104 1234/1234/1234
f 122/122/122 106/106/106 132/132/132
f 132/132/132 190/190/190 122/122/122
f 1220/1220/1220 1198/1198/1198 1080/1080/1080
f 1080/1080/1080 1090/1090/1090 1220/1220/1220
f 1221/1221/1221 1199/1199/1199 1313/1313/1313
f 1313/1313/1313 1322/1322/1322 1221/1221/1221
f 338/338/338 302/302/302 268/268/268
f 268/268/268 318/318/318 338/338/338
f 1162/1162/1162 1211/1211/1211 1243/1243/1243
f 1243/1243/1243 1183/1183/1183 1162/1162/1162
f 740/740/740 696/696/696 792/792/792
f 792/792/792 798/798/798 740/740/740
f 137/137/137 114/114/114 127/127/127
f 127/127/127 177/177/177 137/137/137
f 677/677/677 639/639/639 668/668/668
f 668/668/668 724/724/724 677/677/677
f 30/30/30 22/22/22 32/32/32
f 32/32/32 42/42/42 30/30/30
f 694/694/694 700/700/700 932/932/932
f 932/932/932 938/938/938 694/694/694
f 510/510/510 562/562/562 622/622/622
f 622/622/622 594/594/594 510/510/510
f 774/774/774 677/677/677 724/724/724
f 724/724/724 784/784/784 774/774/774
f 1359/1359/1359 1397/1397/1397 1423/1423/1423
f 1423/1423/1423 1381/1381/1381 1359/1359/1359
f 635/635/635 574/574/574 546/546/546
f 546/546/546 627/627/627 635/635/635
f 512/512/512 482/482/482 567/567/567
f 567/567/567 587/587/587 512/512/512
f 337/337/337 375/375/375 427/427/427
f 427/427/427 383/383/383 337/337/337
f 865/865/865 857/857/857 771/771/771
f 771/771/771 765/765/765 865/865/865
f 583/583/583 653/653/653 662/662/662
f 662/662/662 610/610/610 583/583/583
f 1007/1007/1007 1035/1035/1035 971/971/971
f 971/971/971 957/957/957 1007/1007/1007
f 831/831/831 825/825/825 805/805/805
f 805/805/805 799/799/799 831/831/831
f 33/33/33 47/47/47 35/35/35
f 35/35/35 23/23/23 33/33/33
f 974/974/974 960/960/960 1014/1014/1014
f 1014/1014/1014 1043/1043/1043 974/974/974
f 793/793/793 799/799/799 741/741/741
f 741/741/741 701/701/701 793/793/793
f 837/837/837 831/831/831 799/799/799
f 799/799/799 793/793/793 837/837/837
f 1219/1219/1219 1223/1223/1223 1345/1345/1345
f 1345/1345/1345 1320/1320/1320 1219/1219/1219
f 923/923/923 1003/1003/1003 999/999/999
f 999/999/999 915/915/915 923/923/923
f 995/995/995 1009/1009/1009 867/867/867
f 867/867/867 863/863/863 995/995/995
f 103/103/103 128/128/128 115/115/115
f 115/115/115 91/91/91 103/103/103
f 130/130/130 191/191/191 123/123/123
f 123/123/123 107/107/107 130/130/130
f 769/769/769 763/763/763 631/631/631
f 631/631/631 645/645/645 769/769/769
f 1056/1056/1056 1078/1078/1078 917/917/917
f 917/917/917 911/911/911 1056/1056/1056
f 778/778/778 802/802/802 810/810/810
f 810/810/810 806/806/806 778/778/778
f 44/44/44 39/39/39 83/83/83
f 83/83/83 86/86/86 44/44/44
f 1626/1626/1626 1623/1623/1623 1611/1611/1611
f 1611/1611/1611 1614/1614/1614 1626/1626/1626
f 236/236/236 216/216/216 118/118/118
f 118/118/118 131/131/131 236/236/236
f 1583/1583/1583 1589/1589/1589 1545/1545/1545
f 1545/1545/1545 1541/1541/1541 1583/1583/1583
f 1132/1132/1132 1182/1182/1182 1163/1163/1163
f 1163/1163/1163 1114/1114/1114 1132/1132/1132
f 983/983/983 973/973/973 849/849/849
f 849/849/849 857/857/857 983/983/983
f 299/299/299 330/330/330 304/304/304
f 304/304/304 244/244/244 299/299/299
f 1013/1013/1013 985/985/985 933/933/933
f 933/933/933 959/959/959 1013/1013/1013
f 412/412/412 356/356/356 357/357/357
f 357/357/357 413/413/413 412/412/412
f 12/12/12 24/24/24 34/34/34
f 34/34/34 28/28/28 12/12/12
f 1540/1540/1540 1516/1516/1516 1515/1515/1515
f 1515/1515/1515 1539/1539/1539 1540/1540/1540
f 990/990/990 1034/1034/1034 1075/1075/1075
f 1075/1075/1075 1022/1022/1022 990/990/990
f 1060/1060/1060 1096/1096/1096 995/995/995
f 995/995/995 981/981/981 1060/1060/1060
f 296/296/296 326/326/326 402/402/402
f 402/402/402 369/369/369 296/296/296
f 302/302/302 242/242/242 230/230/230
f 230/230/230 268/268/268 302/302/302
f 891/891/891 976/976/976 992/992/992
f 992/992/992 908/908/908 891/891/891
f 1211/1211/1211 1254/1254/1254 1289/1289/1289
f 1289/1289/1289 1243/1243/1243 1211/1211/1211
f 932/932/932 920/920/920 1081/1081/1081
f 1081/1081/1081 1091/1091/1091 932/932/932
f 1083/1083/1083 1002/1002/1002 1006/1006/1006
f 1006/1006/1006 1087/1087/1087 1083/1083/1083
f 179/179/179 232/232/232 206/206/206
f 206/206/206 139/139/139 179/179/179
f 1177/1177/1177 1161/1161/1161 1256/1256/1256
f 1256/1256/1256 1276/1276/1276 1177/1177/1177
f 196/196/196 186/186/186 99/99/99
f 99/99/99 109/109/109 196/196/196
f 857/857/857 849/849/849 781/781/781
f 781/781/781 771/771/771 857/857/857
f 808/808/808 804/804/804 824/824/824
f 824/824/824 820/820/820 808/808/808
f 1554/1554/1554 1566/1566/1566 1578/1578/1578
f 1578/1578/1578 1562/1562/1562 1554/1554/1554
f 1387/1387/1387 1327/1327/1327 1361/1361/1361
f 1361/1361/1361 1399/1399/1399 1387/1387/1387
f 142/142/142 154/154/154 87/87/87
f 87/87/87 81/81/81 142/142/142
f 392/392/392 389/389/389 275/275/275
f 275/275/275 272/272/272 392/392/392
f 1526/1526/1526 1554/1554/1554 1562/1562/1562
f 1562/1562/1562 1538/1538/1538 1526/1526/1526
f 533/533/533 569/569/569 648/648/648
f 648/648/648 634/634/634 533/533/533
f 301/301/301 253/253/253 328/328/328
f 328/328/328 346/346/346 301/301/301
f 1602/1602/1602 1610/1610/1610 1622/1622/1622
f 1622/1622/1622 1618/1618/1618 1602/1602/1602
f 1314/1314/1314 1296/1296/1296 1188/1188/1188
f 1188/1188/1188 1198/1198/1198 1314/1314/1314
f 1605/1605/1605 1617/1617/1617 1601/1601/1601
f 1601/1601/1601 1595/1595/1595 1605/1605/1605
f 1111/1111/1111 1103/1103/1103 1233/1233/1233
f 1233/1233/1233 1237/1237/1237 1111/1111/1111
f 120/120/120 111/111/111 202/202/202
f 202/202/202 218/218/218 120/120/120
f 655/655/655 645/645/645 566/566/566
f 566/566/566 586/586/586 655/655/655
f 1191/1191/1191 1181/1181/1181 1098/1098/1098
f 1098/1098/1098 1122/1122/1122 1191/1191/1191
f 1028/1028/1028 1011/1011/1011 869/869/869
f 869/869/869 884/884/884 1028/1028/1028
f 733/733/733 747/747/747 603/603/603
f 603/603/603 591/591/591 733/733/733
f 798/798/798 792/792/792 836/836/836
f 836/836/836 830/830/830 798/798/798
f 911/911/911 917/917/917 709/709/709
f 709/709/709 715/715/715 911/911/911
f 531/531/531 507/507/507 618/618/618
f 618/618/618 632/632/632 531/531/531
f 1623/1623/1623 1619/1619/1619 1603/1603/1603
f 1603/1603/1603 1611/1611/1611 1623/1623/1623
f 28/28/28 34/34/34 60/60/60
f 60/60/60 56/56/56 28/28/28
f 441/441/441 431/431/431 549/549/549
f 549/549/549 571/571/571 441/441/441
f 7/7/7 11/11/11 12/12/12
f 12/12/12 8/8/8 7/7/7
f 973/973/973 959/959/959 843/843/843
f 843/843/843 849/849/849 973/973/973
f 1261/1261/1261 1294/1294/1294 1251/1251/1251
f 1251/1251/1251 1207/1207/1207 1261/1261/1261
f 853/853/853 833/833/833 821/821/821
f 821/821/821 825/825/825 853/853/853
f 453/453/453 441/441/441 571/571/571
f 571/571/571 579/579/579 453/453/453
f 515/515/515 584/584/584 576/576/576
f 576/576/576 496/496/496 515/515/515
f 1529/1529/1529 1536/1536/1536 1574/1574/1574
f 1574/1574/1574 1570/1570/1570 1529/1529/1529
f 291/291/291 261/261/261 353/353/353
f 353/353/353 374/374/374 291/291/291
f 51/51/51 67/67/67 68/68/68
f 68/68/68 52/52/52 51/51/51
f 92/92/92 116/116/116 129/129/129
f 129/129/129 104/104/104 92/92/92
f 1371/1371/1371 1337/1337/1337 1260/1260/1260
f 1259/1259/1259 1274/1274/1274 1370/1370/1370
f 1615/1615/1615 1612/1612/1612 1624/1624/1624
f 1624/1624/1624 1627/1627/1627 1615/1615/1615
f 675/675/675 768/768/768 790/790/790
f 790/790/790 730/730/730 675/675/675
f 232/232/232 270/270/270 248/248/248
f 248/248/248 206/206/206 232/232/232
f 121/121/121 105/105/105 73/73/73
f 73/73/73 101/101/101 121/121/121
f 495/495/495 445/445/445 464/464/464
f 464/464/464 514/514/514 495/495/495
f 288/288/288 254/254/254 192/192/192
f 192/192/192 224/224/224 288/288/288
f 340/340/340 386/386/386 362/362/362
f 362/362/362 320/320/320 340/340/340
f 1238/1238/1238 1236/1236/1236 1110/1110/1110
f 1110/1110/1110 1106/1106/1106 1238/1238/1238
f 53/53/53 43/43/43 17/17/17
f 17/17/17 25/25/25 53/53/53
f 186/186/186 170/170/170 93/93/93
f 93/93/93 99/99/99 186/186/186
f 637/637/637 721/721/721 713/713/713
f 713/713/713 629/629/629 637/637/637
f 1566/1566/1566 1582/1582/1582 1594/1594/1594
f 1594/1594/1594 1578/1578/1578 1566/1566/1566
f 1113/1113/1113 1047/1047/1047 1055/1055/1055
f 1055/1055/1055 1135/1135/1135 1113/1113/1113
f 1448/1448/1448 1500/1500/1500 1464/1464/1464
f 1465/1465/1465 1416/1416/1416 1449/1449/1449
f 1330/1330/1330 1377/1377/1377 1305/1305/1305
f 1305/1305/1305 1283/1283/1283 1330/1330/1330
f 561/561/561 614/614/614 584/584/584
f 584/584/584 515/515/515 561/561/561
f 652/652/652 735/735/735 721/721/721
f 721/721/721 637/637/637 652/652/652
f 1008/1008/1008 1036/1036/1036 1119/1119/1119
f 1119/1119/1119 1065/1065/1065 1008/1008/1008
f 1267/1267/1267 1309/1309/1309 1317/1317/1317
f 1317/1317/1317 1271/1271/1271 1267/1267/1267
f 931/931/931 919/919/919 711/711/711
f 711/711/711 699/699/699 931/931/931
f 1350/1350/1350 1353/1353/1353 1239/1239/1239
f 1239/1239/1239 1234/1234/1234 1350/1350/1350
f 1100/1100/1100 1104/1104/1104 941/941/941
f 941/941/941 939/939/939 1100/1100/1100
f 1533/1533/1533 1541/1541/1541 1472/1472/1472
f 1472/1472/1472 1456/1456/1456 1533/1533/1533
f 1372/1372/1372 1392/1392/1392 1498/1498/1498
f 1498/1498/1498 1438/1438/1438 1372/1372/1372
f 1033/1033/1033 988/988/988 961/961/961
f 961/961/961 985/985/985 1033/1033/1033
f 507/507/507 490/490/490 602/602/602
f 602/602/602 618/618/618 507/507/507
f 1029/1029/1029 1012/1012/1012 1123/1123/1123
f 1123/1123/1123 1140/1140/1140 1029/1029/1029
f 478/478/478 544/544/544 545/545/545
f 545/545/545 479/479/479 478/478/478
f 1563/1563/1563 1539/1539/1539 1527/1527/1527
f 1527/1527/1527 1555/1555/1555 1563/1563/1563
f 852/852/852 888/888/888 956/956/956
f 956/956/956 900/900/900 852/852/852
f 1551/1551/1551 1523/1523/1523 1497/1497/1497
f 1497/1497/1497 1512/1512/1512 1551/1551/1551
f 1356/1356/1356 1347/1347/1347 1232/1232/1232
f 1232/1232/1232 1236/1236/1236 1356/1356/1356
f 654/654/654 585/585/585 574/574/574
f 574/574/574 635/635/635 654/654/654
f 949/949/949 937/937/937 693/693/693
f 693/693/693 689/689/689 949/949/949
f 767/767/767 676/676/676 664/664/664
f 664/664/664 752/752/752 767/767/767
f 765/765/765 771/771/771 647/647/647
f 647/647/647 633/633/633 765/765/765
f 1559/1559/1559 1551/1551/1551 1512/1512/1512
f 1512/1512/1512 1519/1519/1519 1559/1559/1559
f 1420/1420/1420 1386/1386/1386 1328/1328/1328
f 1328/1328/1328 1376/1376/1376 1420/1420/1420
f 185/185/185 169/169/169 280/280/280
f 280/280/280 286/286/286 185/185/185
f 1151/1151/1151 1215/1215/1215 1214/1214/1214
f 1214/1214/1214 1150/1150/1150 1151/1151/1151
f 864/864/864 868/868/868 1010/1010/1010
f 1010/1010/1010 996/996/996 864/864/864
f 898/898/898 886/886/886 1030/1030/1030
f 1030/1030/1030 1041/1041/1041 898/898/898
f 206/206/206 248/248/248 249/249/249
f 249/249/249 207/207/207 206/206/206
f 211/211/211 244/244/244 232/232/232
f 232/232/232 179/179/179 211/211/211
f 599/599/599 588/588/588 468/468/468
f 469/469/469 488/488/488 600/600/600
f 1612/1612/1612 1604/1604/1604 1620/1620/1620
f 1620/1620/1620 1624/1624/1624 1612/1612/1612
f 1025/1025/1025 1039/1039/1039 1156/1156/1156
f 1157/1157/1157 1138/1138/1138 1026/1026/1026
f 770/770/770 764/764/764 864/864/864
f 864/864/864 856/856/856 770/770/770
f 203/203/203 185/185/185 286/286/286
f 286/286/286 306/306/306 203/203/203
f 1085/1085/1085 1151/1151/1151 1150/1150/1150
f 1150/1150/1150 1084/1084/1084 1085/1085/1085
f 999/999/999 1076/1076/1076 1052/1052/1052
f 1052/1052/1052 991/991/991 999/999/999
f 1608/1608/1608 1600/1600/1600 1599/1599/1599
f 1599/1599/1599 1607/1607/1607 1608/1608/1608
f 157/157/157 173/173/173 283/283/283
f 283/283/283 279/279/279 157/157/157
f 1381/1381/1381 1423/1423/1423 1422/1422/1422
f 1422/1422/1422 1380/1380/1380 1381/1381/1381
f 719/719/719 635/635/635 627/627/627
f 627/627/627 707/707/707 719/719/719
f 1308/1308/1308 1358/1358/1358 1324/1324/1324
f 1324/1324/1324 1288/1288/1288 1308/1308/1308
f 386/386/386 446/446/446 434/434/434
f 434/434/434 362/362/362 386/386/386
f 1404/1404/1404 1435/1435/1435 1365/1365/1365
f 1368/1368/1368 1339/1339/1339 1405/1405/1405
f 1455/1455/1455 1399/1399/1399 1425/1425/1425
f 1425/1425/1425 1495/1495/1495 1455/1455/1455
f 800/800/800 806/806/806 826/826/826
f 826/826/826 832/832/832 800/800/800
f 1515/1515/1515 1492/1492/1492 1452/1452/1452
f 1452/1452/1452 1503/1503/1503 1515/1515/1515
f 558/558/558 500/500/500 466/466/466
f 466/466/466 517/517/517 558/558/558
f 614/614/614 665/665/665 652/652/652
f 652/652/652 584/584/584 614/614/614
f 409/409/409 405/405/405 535/535/535
f 535/535/535 539/539/539 409/409/409
f 376/376/376 342/342/342 298/298/298
f 298/298/298 331/331/331 376/376/376
f 1312/1312/1312 1323/1323/1323 1218/1218/1218
f 1218/1218/1218 1196/1196/1196 1312/1312/1312
f 1318/1318/1318 1272/1272/1272 1268/1268/1268
f 1268/1268/1268 1310/1310/1310 1318/1318/1318
f 391/391/391 395/395/395 525/525/525
f 525/525/525 523/523/523 391/391/391
f 651/651/651 582/582/582 607/607/607
f 607/607/607 659/659/659 651/651/651
f 363/363/363 435/435/435 447/447/447
f 447/447/447 387/387/387 363/363/363
f 1496/1496/1496 1509/1509/1509 1408/1408/1408
f 1408/1408/1408 1388/1388/1388 1496/1496/1496
f 849/849/849 843/843/843 787/787/787
f 787/787/787 781/781/781 849/849/849
f 1524/1524/1524 1508/1508/1508 1528/1528/1528
f 1528/1528/1528 1556/1556/1556 1524/1524/1524
f 411/411/411 433/433/433 551/551/551
f 551/551/551 541/541/541 411/411/411
f 1012/1012/1012 998/998/998 1099/1099/1099
f 1099/1099/1099 1123/1123/1123 1012/1012/1012
f 189/189/189 199/199/199 309/309/309
f 309/309/309 284/284/284 189/189/189
f 544/544/544 625/625/625 626/626/626
f 626/626/626 545/545/545 544/544/544
f 1344/1344/1344 1321/1321/1321 1220/1220/1220
f 1220/1220/1220 1224/1224/1224 1344/1344/1344
f 1102/1102/1102 1094/1094/1094 937/937/937
f 937/937/937 949/949/949 1102/1102/1102
f 253/253/253 223/223/223 290/290/290
f 290/290/290 328/328/328 253/253/253
f 1066/1066/1066 1031/1031/1031 1073/1073/1073
f 1073/1073/1073 1127/1127/1127 1066/1066/1066
f 1347/1347/1347 1344/1344/1344 1224/1224/1224
f 1224/1224/1224 1232/1232/1232 1347/1347/1347
f 97/97/97 112/112/112 71/71/71
f 71/71/71 59/59/59 97/97/97
f 263/263/263 296/296/296 369/369/369
f 370/370/370 351/351/351 264/264/264
f 982/982/982 996/996/996 1097/1097/1097
f 1097/1097/1097 1061/1061/1061 982/982/982
f 1586/1586/1586 1576/1576/1576 1604/1604/1604
f 1604/1604/1604 1612/1612/1612 1586/1586/1586
f 393/393/393 390/390/390 522/522/522
f 522/522/522 519/519/519 393/393/393
f 169/169/169 153/153/153 273/273/273
f 273/273/273 280/280/280 169/169/169
f 74/74/74 62/62/62 78/78/78
f 78/78/78 106/106/106 74/74/74
f 978/978/978 893/893/893 910/910/910
f 910/910/910 994/994/994 978/978/978
f 972/972/972 982/982/982 1061/1061/1061
f 1061/1061/1061 1036/1036/1036 972/972/972
f 633/633/633 647/647/647 568/568/568
f 568/568/568 532/532/532 633/633/633
f 1039/1039/1039 1049/1049/1049 1175/1175/1175
f 1175/1175/1175 1156/1156/1156 1039/1039/1039
f 1229/1229/1229 1258/1258/1258 1341/1341/1341
f 1341/1341/1341 1307/1307/1307 1229/1229/1229
f 1600/1600/1600 1580/1580/1580 1579/1579/1579
f 1579/1579/1579 1599/1599/1599 1600/1600/1600
f 858/858/858 850/850/850 974/974/974
f 974/974/974 984/984/984 858/858/858
f 517/517/517 466/466/466 444/444/444
f 444/444/444 494/494/494 517/517/517
f 1315/1315/1315 1320/1320/1320 1433/1433/1433
f 1433/1433/1433 1413/1413/1413 1315/1315/1315
f 772/772/772 782/782/782 850/850/850
f 850/850/850 858/858/858 772/772/772
f 539/539/539 535/535/535 692/692/692
f 692/692/692 698/698/698 539/539/539
f 75/75/75 103/103/103 91/91/91
f 91/91/91 67/67/67 75/75/75
f 1360/1360/1360 1310/1310/1310 1290/1290/1290
f 1290/1290/1290 1326/1326/1326 1360/1360/1360
f 480/480/480 451/451/451 377/377/377
f 377/377/377 421/421/421 480/480/480
f 395/395/395 399/399/399 529/529/529
f 529/529/529 525/525/525 395/395/395
f 639/639/639 598/598/598 644/644/644
f 644/644/644 668/668/668 639/639/639
f 1144/1144/1144 1082/1082/1082 1054/1054/1054
f 1054/1054/1054 1134/1134/1134 1144/1144/1144
f 1164/1164/1164 1112/1112/1112 1068/1068/1068
f 1068/1068/1068 1130/1130/1130 1164/1164/1164
f 1057/1057/1057 1079/1079/1079 1197/1197/1197
f 1197/1197/1197 1187/1187/1187 1057/1057/1057
f 452/452/452 440/440/440 336/336/336
f 336/336/336 350/350/350 452/452/452
f 1508/1508/1508 1470/1470/1470 1504/1504/1504
f 1504/1504/1504 1528/1528/1528 1508/1508/1508
f 840/840/840 900/900/900 954/954/954
f 954/954/954 859/859/859 840/840/840
f 416/416/416 366/366/366 422/422/422
f 422/422/422 456/456/456 416/416/416
f 133/133/133 194/194/194 262/262/262
f 262/262/262 240/240/240 133/133/133
f 847/847/847 855/855/855 769/769/769
f 769/769/769 779/779/779 847/847/847
f 1561/1561/1561 1577/1577/1577 1565/1565/1565
f 1565/1565/1565 1553/1553/1553 1561/1561/1561
f 419/419/419 367/367/367 338/338/338
f 338/338/338 384/384/384 419/419/419
f 1101/1101/1101 1105/1105/1105 1235/1235/1235
f 1235/1235/1235 1231/1231/1231 1101/1101/1101
f 222/222/222 190/190/190 258/258/258
f 259/259/259 290/290/290 223/223/223
f 225/225/225 193/193/193 121/121/121
f 121/121/121 159/159/159 225/225/225
f 112/112/112 119/119/119 79/79/79
f 79/79/79 71/71/71 112/112/112
f 996/996/996 1010/1010/1010 1121/1121/1121
f 1121/1121/1121 1097/1097/1097 996/996/996
f 49/49/49 29/29/29 30/30/30
f 30/30/30 50/50/50 49/49/49
f 879/879/879 895/895/895 731/731/731
f 731/731/731 743/743/743 879/879/879
f 616/616/616 587/587/587 656/656/656
f 656/656/656 670/670/670 616/616/616
f 426/426/426 460/460/460 510/510/510
f 510/510/510 483/483/483 426/426/426
f 305/305/305 341/341/341 375/375/375
f 375/375/375 337/337/337 305/305/305
f 499/499/499 457/457/457 512/512/512
f 512/512/512 564/564/564 499/499/499
f 1313/1313/1313 1299/1299/1299 1391/1391/1391
f 1391/1391/1391 1411/1411/1411 1313/1313/1313
f 1001/1001/1001 921/921/921 909/909/909
f 909/909/909 993/993/993 1001/1001/1001
f 497/497/497 577/577/577 583/583/583
f 583/583/583 516/516/516 497/497/497
f 403/403/403 374/374/374 471/471/471
f 471/471/471 490/490/490 403/403/403
f 981/981/981 995/995/995 863/863/863
f 863/863/863 855/855/855 981/981/981
f 21/21/21 9/9/9 10/10/10
f 10/10/10 22/22/22 21/21/21
f 282/282/282 272/272/272 151/151/151
f 151/151/151 171/171/171 282/282/282
f 701/701/701 741/741/741 673/673/673
f 673/673/673 649/649/649 701/701/701
f 402/402/402 438/438/438 509/509/509
f 509/509/509 493/493/493 402/402/402
f 316/316/316 306/306/306 409/409/409
f 409/409/409 431/431/431 316/316/316
f 562/562/562 596/596/596 650/650/650
f 650/650/650 622/622/622 562/562/562
f 1355/1355/1355 1357/1357/1357 1479/1479/1479
f 1479/1479/1479 1487/1487/1487 1355/1355/1355
f 107/107/107 123/123/123 103/103/103
f 103/103/103 75/75/75 107/107/107
f 1310/1310/1310 1268/1268/1268 1244/1244/1244
f 1244/1244/1244 1290/1290/1290 1310/1310/1310
f 220/220/220 238/238/238 130/130/130
f 130/130/130 119/119/119 220/220/220
f 1042/1042/1042 1013/1013/1013 959/959/959
f 959/959/959 973/973/973 1042/1042/1042
f 26/26/26 18/18/18 44/44/44
f 44/44/44 54/54/54 26/26/26
f 901/901/901 911/911/911 715/715/715
f 715/715/715 725/725/725 901/901/901
f 350/350/350 336/336/336 237/237/237
f 237/237/237 256/256/256 350/350/350
f 1532/1532/1532 1518/1518/1518 1560/1560/1560
f 1560/1560/1560 1572/1572/1572 1532/1532/1532
f 1045/1045/1045 1114/1114/1114 1071/1071/1071
f 1071/1071/1071 1018/1018/1018 1045/1045/1045
f 1587/1587/1587 1567/1567/1567 1551/1551/1551
f 1551/1551/1551 1559/1559/1559 1587/1587/1587
f 1530/1530/1530 1519/1519/1519 1430/1430/1430
f 1430/1430/1430 1444/1444/1444 1530/1530/1530
f 484/484/484 428/428/428 412/412/412
f 412/412/412 476/476/476 484/484/484
f 467/467/467 515/515/515 496/496/496
f 496/496/496 446/446/446 467/467/467
f 1291/1291/1291 1245/1245/1245 1269/1269/1269
f 1269/1269/1269 1311/1311/1311 1291/1291/1291
f 268/268/268 230/230/230 204/204/204
f 204/204/204 246/246/246 268/268/268
f 855/855/855 863/863/863 763/763/763
f 763/763/763 769/769/769 855/855/855
f 367/367/367 331/331/331 302/302/302
f 302/302/302 338/338/338 367/367/367
f 1227/1227/1227 1265/1265/1265 1155/1155/1155
f 1155/1155/1155 1137/1137/1137 1227/1227/1227
f 678/678/678 773/773/773 758/758/758
f 758/758/758 666/666/666 678/678/678
f 1183/1183/1183 1243/1243/1243 1267/1267/1267
f 1267/1267/1267 1195/1195/1195 1183/1183/1183
f 1095/1095/1095 1091/1091/1091 1221/1221/1221
f 1221/1221/1221 1225/1225/1225 1095/1095/1095
f 1348/1348/1348 1343/1343/1343 1443/1443/1443
f 1443/1443/1443 1459/1459/1459 1348/1348/1348
f 1153/1153/1153 1087/1087/1087 1086/1086/1086
f 1086/1086/1086 1152/1152/1152 1153/1153/1153
f 163/163/163 211/211/211 179/179/179
f 178/178/178 128/128/128 162/162/162
f 587/587/587 567/567/567 646/646/646
f 646/646/646 656/656/656 587/587/587
f 1357/1357/1357 1348/1348/1348 1459/1459/1459
f 1459/1459/1459 1479/1479/1479 1357/1357/1357
f 516/516/516 583/583/583 610/610/610
f 610/610/610 557/557/557 516/516/516
f 929/929/929 935/935/935 691/691/691
f 691/691/691 697/697/697 929/929/929
f 435/435/435 487/487/487 497/497/497
f 497/497/497 447/447/447 435/435/435
f 109/109/109 99/99/99 57/57/57
f 57/57/57 69/69/69 109/109/109
f 1299/1299/1299 1276/1276/1276 1364/1364/1364
f 1364/1364/1364 1391/1391/1391 1299/1299/1299
f 315/315/315 308/308/308 197/197/197
f 197/197/197 217/217/217 315/315/315
f 581/581/581 592/592/592 734/734/734
f 734/734/734 728/728/728 581/581/581
f 335/335/335 351/351/351 455/455/455
f 455/455/455 443/443/443 335/335/335
f 1289/1289/1289 1325/1325/1325 1359/1359/1359
f 1359/1359/1359 1309/1309/1309 1289/1289/1289
f 648/648/648 658/658/658 782/782/782
f 782/782/782 772/772/772 648/648/648
f 1324/1324/1324 1384/1384/1384 1330/1330/1330
f 1330/1330/1330 1294/1294/1294 1324/1324/1324
f 723/723/723 667/667/667 642/642/642
f 642/642/642 676/676/676 723/723/723
f 1395/1395/1395 1370/1370/1370 1274/1274/1274
f 1274/1274/1274 1296/1296/1296 1395/1395/1395
f 1198/1198/1198 1188/1188/1188 1058/1058/1058
f 1058/1058/1058 1080/1080/1080 1198/1198/1198
f 946/946/946 948/948/948 1111/1111/1111
f 1111/1111/1111 1109/1109/1109 946/946/946
f 1523/1523/1523 1507/1507/1507 1436/1436/1436
f 1436/1436/1436 1497/1497/1497 1523/1523/1523
f 235/235/235 219/219/219 316/316/316
f 316/316/316 333/333/333 235/235/235
f 272/272/272 275/275/275 144/144/144
f 144/144/144 151/151/151 272/272/272
f 842/842/842 848/848/848 972/972/972
f 972/972/972 958/958/958 842/842/842
f 920/920/920 914/914/914 1059/1059/1059
f 1059/1059/1059 1081/1081/1081 920/920/920
f 438/438/438 448/448/448 533/533/533
f 533/533/533 509/509/509 438/438/438
f 1606/1606/1606 1618/1618/1618 1617/1617/1617
f 1617/1617/1617 1605/1605/1605 1606/1606/1606
f 1581/1581/1581 1595/1595/1595 1569/1569/1569
f 1569/1569/1569 1557/1557/1557 1581/1581/1581
f 1212/1212/1212 1165/1165/1165 1185/1185/1185
f 1185/1185/1185 1245/1245/1245 1212/1212/1212
f 785/785/785 779/779/779 655/655/655
f 655/655/655 669/669/669 785/785/785
f 1139/1139/1139 1122/1122/1122 1011/1011/1011
f 1011/1011/1011 1028/1028/1028 1139/1139/1139
f 58/58/58 54/54/54 95/95/95
f 95/95/95 98/98/98 58/58/58
f 528/528/528 536/536/536 406/406/406
f 406/406/406 398/398/398 528/528/528
f 1052/1052/1052 1132/1132/1132 1114/1114/1114
f 1114/1114/1114 1045/1045/1045 1052/1052/1052
f 1614/1614/1614 1611/1611/1611 1585/1585/1585
f 1585/1585/1585 1590/1590/1590 1614/1614/1614
f 734/734/734 750/750/750 886/886/886
f 886/886/886 898/898/898 734/734/734
f 68/68/68 92/92/92 104/104/104
f 104/104/104 76/76/76 68/68/68
f 939/939/939 941/941/941 681/681/681
f 681/681/681 679/679/679 939/939/939
f 63/63/63 75/75/75 67/67/67
f 67/67/67 51/51/51 63/63/63
f 586/586/586 566/566/566 480/480/480
f 480/480/480 511/511/511 586/586/586
f 1166/1166/1166 1206/1206/1206 1146/1146/1146
f 1146/1146/1146 1117/1117/1117 1166/1166/1166
f 1231/1231/1231 1235/1235/1235 1351/1351/1351
f 1351/1351/1351 1346/1346/1346 1231/1231/1231
f 665/665/665 757/757/757 735/735/735
f 735/735/735 652/652/652 665/665/665
f 1493/1493/1493 1424/1424/1424 1398/1398/1398
f 1398/1398/1398 1453/1453/1453 1493/1493/1493
f 405/405/405 397/397/397 527/527/527
f 527/527/527 535/535/535 405/405/405
f 1469/1469/1469 1420/1420/1420 1376/1376/1376
f 1376/1376/1376 1403/1403/1403 1469/1469/1469
f 1591/1591/1591 1586/1586/1586 1612/1612/1612
f 1612/1612/1612 1615/1615/1615 1591/1591/1591
f 1622/1622/1622 1628/1628/1628 1625/1625/1625
f 1625/1625/1625 1621/1621/1621 1622/1622/1622
f 116/116/116 140/140/140 180/180/180
f 180/180/180 129/129/129 116/116/116
f 149/149/149 157/157/157 279/279/279
f 279/279/279 277/277/277 149/149/149
f 1189/1189/1189 1177/1177/1177 1276/1276/1276
f 1276/1276/1276 1299/1299/1299 1189/1189/1189
f 1270/1270/1270 1316/1316/1316 1308/1308/1308
f 1308/1308/1308 1266/1266/1266 1270/1270/1270
f 1182/1182/1182 1242/1242/1242 1210/1210/1210
f 1210/1210/1210 1163/1163/1163 1182/1182/1182
f 547/547/547 485/485/485 495/495/495
f 495/495/495 575/575/575 547/547/547
f 330/330/330 368/368/368 340/340/340
f 340/340/340 304/304/304 330/330/330
f 1104/1104/1104 1107/1107/1107 944/944/944
f 944/944/944 941/941/941 1104/1104/1104
f 99/99/99 93/93/93 53/53/53
f 53/53/53 57/57/57 99/99/99
f 537/537/537 541/541/541 700/700/700
f 700/700/700 694/694/694 537/537/537
f 584/584/584 652/652/652 637/637/637
f 637/637/637 576/576/576 584/584/584
f 1090/1090/1090 1080/1080/1080 919/919/919
f 919/919/919 931/931/931 1090/1090/1090
f 985/985/985 961/961/961 889/889/889
f 889/889/889 933/933/933 985/985/985
f 592/592/592 606/606/606 750/750/750
f 750/750/750 734/734/734 592/592/592
f 1300/1300/1300 1286/1286/1286 1329/1329/1329
f 1329/1329/1329 1379/1379/1379 1300/1300/1300
f 814/814/814 821/821/821 833/833/833
f 722/722/722 813/813/813 738/738/738
f 783/783/783 816/816/816 795/795/795
f 814/814/814 861/861/861 874/874/874
f 795/795/795 816/816/816 807/807/807
f 814/814/814 845/845/845 861/861/861
f 818/818/818 859/859/859 872/872/872
f 817/817/817 916/916/916 924/924/924
f 738/738/738 813/813/813 754/754/754
f 817/817/817 915/915/915 907/907/907
f 811/811/811 892/892/892 909/909/909
f 812/812/812 860/860/860 846/846/846
f 706/706/706 813/813/813 714/714/714
f 816/816/816 862/862/862 839/839/839
f 807/807/807 816/816/816 819/819/819
f 816/816/816 877/877/877 862/862/862
f 818/818/818 828/828/828 840/840/840
f 719/719/719 815/815/815 736/736/736
f 736/736/736 815/815/815 751/751/751
f 811/811/811 873/873/873 892/892/892
f 811/811/811 922/922/922 910/910/910
f 802/802/802 812/812/812 810/810/810
f 705/705/705 713/713/713 813/813/813
f 773/773/773 789/789/789 814/814/814
f 811/811/811 910/910/910 893/893/893
f 808/808/808 820/820/820 818/818/818
f 768/768/768 812/812/812 790/790/790
f 812/812/812 846/846/846 834/834/834
f 789/789/789 801/801/801 814/814/814
f 721/721/721 735/735/735 813/813/813
f 767/767/767 816/816/816 783/783/783
f 811/811/811 926/926/926 922/922/922
f 758/758/758 773/773/773 814/814/814
f 811/811/811 909/909/909 921/921/921
f 816/816/816 839/839/839 827/827/827
f 810/810/810 812/812/812 822/822/822
f 796/796/796 808/808/808 818/818/818
f 720/720/720 737/737/737 815/815/815
f 818/818/818 840/840/840 859/859/859
f 753/753/753 812/812/812 768/768/768
f 814/814/814 833/833/833 845/845/845
f 811/811/811 925/925/925 926/926/926
f 737/737/737 755/755/755 815/815/815
f 816/816/816 827/827/827 819/819/819
f 812/812/812 876/876/876 860/860/860
f 817/817/817 871/871/871 891/891/891
f 735/735/735 757/757/757 813/813/813
f 703/703/703 704/704/704 815/815/815
f 752/752/752 816/816/816 767/767/767
f 809/809/809 821/821/821 814/814/814
f 708/708/708 720/720/720 815/815/815
f 790/790/790 812/812/812 802/802/802
f 811/811/811 921/921/921 925/925/925
f 817/817/817 908/908/908 916/916/916
f 817/817/817 923/923/923 915/915/915
f 817/817/817 891/891/891 908/908/908
f 817/817/817 894/894/894 878/878/878
f 774/774/774 784/784/784 818/818/818
f 812/812/812 834/834/834 822/822/822
f 801/801/801 809/809/809 814/814/814
f 704/704/704 708/708/708 815/815/815
f 817/817/817 924/924/924 923/923/923
f 811/811/811 893/893/893 875/875/875
f 707/707/707 815/815/815 719/719/719
f 818/818/818 820/820/820 828/828/828
f 756/756/756 774/774/774 818/818/818
f 713/713/713 721/721/721 813/813/813
f 714/714/714 813/813/813 722/722/722
f 784/784/784 796/796/796 818/818/818
f 817/817/817 907/907/907 894/894/894
f 705/705/705 813/813/813 706/706/706
f 703/703/703 815/815/815 707/707/707
